region,Dis No,Year,Seq,Disaster Group,Disaster Subgroup,Disaster Type,Disaster Subtype,Disaster Subsubtype,Event Name,Entry Criteria,Country,ISO,Region,Continent,Origin,Associated Dis,Associated Dis2,OFDA Response,Appeal,Declaration,Aid Contribution,Dis Mag Value,Dis Mag Scale,Latitude,Longitude,Local Time,River Basin,Start Year,Start Month,Start Day,End Year,End Month,End Day,Total Deaths,No Injured,No Affected,No Homeless,Total Affected,Reconstruction Costs ('000 US$),Insured Damages ('000 US$),Total Damages ('000 US$),CPI,location_word,lat,long
Venezuela_Colombia,2009-9415-VEN,2009,9415,Natural,Climatological,Drought,Drought,NA,NA,Affected,Venezuela (Bolivarian Republic of),VEN,South America,Americas,NA,NA,NA,NA,NA,Yes,NA,NA,Km2,NA,NA,NA,NA,2009,11,NA,2010,NA,NA,NA,NA,NA,NA,NA,NA,NA,NA,83.9158074104016, mir,NA,NA
Venezuela_Colombia,2009-9415-VEN,2009,9415,Natural,Climatological,Drought,Drought,NA,NA,Affected,Venezuela (Bolivarian Republic of),VEN,South America,Americas,NA,NA,NA,NA,NA,Yes,NA,NA,Km2,NA,NA,NA,NA,2009,11,NA,2010,NA,NA,NA,NA,NA,NA,NA,NA,NA,NA,83.9158074104016,a,10.48801,-66.87919
Venezuela_Colombia,2009-9415-VEN,2009,9415,Natural,Climatological,Drought,Drought,NA,NA,Affected,Venezuela (Bolivarian Republic of),VEN,South America,Americas,NA,NA,NA,NA,NA,Yes,NA,NA,Km2,NA,NA,NA,NA,2009,11,NA,2010,NA,NA,NA,NA,NA,NA,NA,NA,NA,NA,83.9158074104016, monagas,9.74569,-63.18323
Venezuela_Colombia,2009-9415-VEN,2009,9415,Natural,Climatological,Drought,Drought,NA,NA,Affected,Venezuela (Bolivarian Republic of),VEN,South America,Americas,NA,NA,NA,NA,NA,Yes,NA,NA,Km2,NA,NA,NA,NA,2009,11,NA,2010,NA,NA,NA,NA,NA,NA,NA,NA,NA,NA,83.9158074104016, nueva esparta,11,-64
Venezuela_Colombia,2009-9415-VEN,2009,9415,Natural,Climatological,Drought,Drought,NA,NA,Affected,Venezuela (Bolivarian Republic of),VEN,South America,Americas,NA,NA,NA,NA,NA,Yes,NA,NA,Km2,NA,NA,NA,NA,2009,11,NA,2010,NA,NA,NA,NA,NA,NA,NA,NA,NA,NA,83.9158074104016, portuguesa,9.16667,-69.25
Venezuela_Colombia,2009-9415-VEN,2009,9415,Natural,Climatological,Drought,Drought,NA,NA,Affected,Venezuela (Bolivarian Republic of),VEN,South America,Americas,NA,NA,NA,NA,NA,Yes,NA,NA,Km2,NA,NA,NA,NA,2009,11,NA,2010,NA,NA,NA,NA,NA,NA,NA,NA,NA,NA,83.9158074104016, sucre,10.45397,-64.18256
Venezuela_Colombia,2009-9415-VEN,2009,9415,Natural,Climatological,Drought,Drought,NA,NA,Affected,Venezuela (Bolivarian Republic of),VEN,South America,Americas,NA,NA,NA,NA,NA,Yes,NA,NA,Km2,NA,NA,NA,NA,2009,11,NA,2010,NA,NA,NA,NA,NA,NA,NA,NA,NA,NA,83.9158074104016, tachira,7.83333,-72.08333
Venezuela_Colombia,2009-9415-VEN,2009,9415,Natural,Climatological,Drought,Drought,NA,NA,Affected,Venezuela (Bolivarian Republic of),VEN,South America,Americas,NA,NA,NA,NA,NA,Yes,NA,NA,Km2,NA,NA,NA,NA,2009,11,NA,2010,NA,NA,NA,NA,NA,NA,NA,NA,NA,NA,83.9158074104016, trujillo,9.43856,-70.50888
Venezuela_Colombia,2009-9415-VEN,2009,9415,Natural,Climatological,Drought,Drought,NA,NA,Affected,Venezuela (Bolivarian Republic of),VEN,South America,Americas,NA,NA,NA,NA,NA,Yes,NA,NA,Km2,NA,NA,NA,NA,2009,11,NA,2010,NA,NA,NA,NA,NA,NA,NA,NA,NA,NA,83.9158074104016, yaracuy,10.33974,-68.73734
Venezuela_Colombia,2009-9415-VEN,2009,9415,Natural,Climatological,Drought,Drought,NA,NA,Affected,Venezuela (Bolivarian Republic of),VEN,South America,Americas,NA,NA,NA,NA,NA,Yes,NA,NA,Km2,NA,NA,NA,NA,2009,11,NA,2010,NA,NA,NA,NA,NA,NA,NA,NA,NA,NA,83.9158074104016, zulia,10.66663,-71.61245
Venezuela_Colombia,2009-9415-VEN,2009,9415,Natural,Climatological,Drought,Drought,NA,NA,Affected,Venezuela (Bolivarian Republic of),VEN,South America,Americas,NA,NA,NA,NA,NA,Yes,NA,NA,Km2,NA,NA,NA,NA,2009,11,NA,2010,NA,NA,NA,NA,NA,NA,NA,NA,NA,NA,83.9158074104016, vargas,10.56667,-66.9
Venezuela_Colombia,2009-9415-VEN,2009,9415,Natural,Climatological,Drought,Drought,NA,NA,Affected,Venezuela (Bolivarian Republic of),VEN,South America,Americas,NA,NA,NA,NA,NA,Yes,NA,NA,Km2,NA,NA,NA,NA,2009,11,NA,2010,NA,NA,NA,NA,NA,NA,NA,NA,NA,NA,83.9158074104016, distrito capital ,10.48801,-66.87919
Venezuela_Colombia,2010-0503-VEN,2010,0503,Natural,Meteorological,Storm,Tropical cyclone,NA,Tropical storm Matthew,Kill,Venezuela (Bolivarian Republic of),VEN,South America,Americas,NA,Flood,"Slide (land, mud, snow, rock)",NA,NA,NA,NA,NA,Kph,NA,NA,NA,NA,2010,9,24,2010,9,24,8,NA,NA,NA,NA,NA,NA,NA,85.2920606019027,distrito capital,10.48801,-66.87919
Venezuela_Colombia,2010-0503-VEN,2010,0503,Natural,Meteorological,Storm,Tropical cyclone,NA,Tropical storm Matthew,Kill,Venezuela (Bolivarian Republic of),VEN,South America,Americas,NA,Flood,"Slide (land, mud, snow, rock)",NA,NA,NA,NA,NA,Kph,NA,NA,NA,NA,2010,9,24,2010,9,24,8,NA,NA,NA,NA,NA,NA,NA,85.2920606019027, sucre ,10.45397,-64.18256
Venezuela_Colombia,2010-0616-VEN,2010,0616,Natural,Hydrological,Flood,Riverine flood,NA,NA,Kill,Venezuela (Bolivarian Republic of),VEN,South America,Americas,"Heavy rains, La Nina","Slide (land, mud, snow, rock)",NA,NA,NA,Yes,NA,180760,Km2,9.77,-66.93,NA,NA,2010,11,25,2010,12,6,41,NA,94800,NA,94800,NA,NA,170000,85.2920606019027,distrito capital,10.48801,-66.87919
Venezuela_Colombia,2010-0616-VEN,2010,0616,Natural,Hydrological,Flood,Riverine flood,NA,NA,Kill,Venezuela (Bolivarian Republic of),VEN,South America,Americas,"Heavy rains, La Nina","Slide (land, mud, snow, rock)",NA,NA,NA,Yes,NA,180760,Km2,9.77,-66.93,NA,NA,2010,11,25,2010,12,6,41,NA,94800,NA,94800,NA,NA,170000,85.2920606019027, falcon,11,-69.83333
Venezuela_Colombia,2010-0616-VEN,2010,0616,Natural,Hydrological,Flood,Riverine flood,NA,NA,Kill,Venezuela (Bolivarian Republic of),VEN,South America,Americas,"Heavy rains, La Nina","Slide (land, mud, snow, rock)",NA,NA,NA,Yes,NA,180760,Km2,9.77,-66.93,NA,NA,2010,11,25,2010,12,6,41,NA,94800,NA,94800,NA,NA,170000,85.2920606019027, merida,8.58972,-71.15611
Venezuela_Colombia,2010-0616-VEN,2010,0616,Natural,Hydrological,Flood,Riverine flood,NA,NA,Kill,Venezuela (Bolivarian Republic of),VEN,South America,Americas,"Heavy rains, La Nina","Slide (land, mud, snow, rock)",NA,NA,NA,Yes,NA,180760,Km2,9.77,-66.93,NA,NA,2010,11,25,2010,12,6,41,NA,94800,NA,94800,NA,NA,170000,85.2920606019027, mir,NA,NA
Venezuela_Colombia,2010-0616-VEN,2010,0616,Natural,Hydrological,Flood,Riverine flood,NA,NA,Kill,Venezuela (Bolivarian Republic of),VEN,South America,Americas,"Heavy rains, La Nina","Slide (land, mud, snow, rock)",NA,NA,NA,Yes,NA,180760,Km2,9.77,-66.93,NA,NA,2010,11,25,2010,12,6,41,NA,94800,NA,94800,NA,NA,170000,85.2920606019027,a,10.48801,-66.87919
Venezuela_Colombia,2010-0616-VEN,2010,0616,Natural,Hydrological,Flood,Riverine flood,NA,NA,Kill,Venezuela (Bolivarian Republic of),VEN,South America,Americas,"Heavy rains, La Nina","Slide (land, mud, snow, rock)",NA,NA,NA,Yes,NA,180760,Km2,9.77,-66.93,NA,NA,2010,11,25,2010,12,6,41,NA,94800,NA,94800,NA,NA,170000,85.2920606019027, nueva esparta,11,-64
Venezuela_Colombia,2010-0616-VEN,2010,0616,Natural,Hydrological,Flood,Riverine flood,NA,NA,Kill,Venezuela (Bolivarian Republic of),VEN,South America,Americas,"Heavy rains, La Nina","Slide (land, mud, snow, rock)",NA,NA,NA,Yes,NA,180760,Km2,9.77,-66.93,NA,NA,2010,11,25,2010,12,6,41,NA,94800,NA,94800,NA,NA,170000,85.2920606019027, trujillo,9.43856,-70.50888
Venezuela_Colombia,2010-0616-VEN,2010,0616,Natural,Hydrological,Flood,Riverine flood,NA,NA,Kill,Venezuela (Bolivarian Republic of),VEN,South America,Americas,"Heavy rains, La Nina","Slide (land, mud, snow, rock)",NA,NA,NA,Yes,NA,180760,Km2,9.77,-66.93,NA,NA,2010,11,25,2010,12,6,41,NA,94800,NA,94800,NA,NA,170000,85.2920606019027, vargas,10.56667,-66.9
Venezuela_Colombia,2010-0616-VEN,2010,0616,Natural,Hydrological,Flood,Riverine flood,NA,NA,Kill,Venezuela (Bolivarian Republic of),VEN,South America,Americas,"Heavy rains, La Nina","Slide (land, mud, snow, rock)",NA,NA,NA,Yes,NA,180760,Km2,9.77,-66.93,NA,NA,2010,11,25,2010,12,6,41,NA,94800,NA,94800,NA,NA,170000,85.2920606019027, zulia ,10.66663,-71.61245
Venezuela_Colombia,2012-0187-COL,2012,0187,Natural,Hydrological,Flood,Riverine flood,NA,NA,Kill,Colombia,COL,South America,Americas,Heavy rains,NA,NA,NA,NA,NA,NA,74036,Km2,3.606,-73.07,NA,NA,2012,4,20,2012,4,26,17,NA,56000,NA,56000,NA,NA,40000,89.8052929320648,soacha  ,4.57937,-74.21682
Venezuela_Colombia,2012-0187-COL,2012,0187,Natural,Hydrological,Flood,Riverine flood,NA,NA,Kill,Colombia,COL,South America,Americas,Heavy rains,NA,NA,NA,NA,NA,NA,74036,Km2,3.606,-73.07,NA,NA,2012,4,20,2012,4,26,17,NA,56000,NA,56000,NA,NA,40000,89.8052929320648,cundinamarca ,5,-74.16667
Venezuela_Colombia,2012-0187-COL,2012,0187,Natural,Hydrological,Flood,Riverine flood,NA,NA,Kill,Colombia,COL,South America,Americas,Heavy rains,NA,NA,NA,NA,NA,NA,74036,Km2,3.606,-73.07,NA,NA,2012,4,20,2012,4,26,17,NA,56000,NA,56000,NA,NA,40000,89.8052929320648,,4.60971,-74.08175
Venezuela_Colombia,2012-0238-COL,2012,0238,Natural,Hydrological,Flood,Riverine flood,NA,NA,Kill,Colombia,COL,South America,Americas,NA,NA,NA,NA,NA,NA,NA,NA,Km2,NA,NA,NA,NA,2012,3,15,2012,5,14,48,NA,NA,8000,8000,NA,NA,62000,89.8052929320648,casanare,5.5,-71.5
Venezuela_Colombia,2012-0238-COL,2012,0238,Natural,Hydrological,Flood,Riverine flood,NA,NA,Kill,Colombia,COL,South America,Americas,NA,NA,NA,NA,NA,NA,NA,NA,Km2,NA,NA,NA,NA,2012,3,15,2012,5,14,48,NA,NA,8000,8000,NA,NA,62000,89.8052929320648, amazonas,-1.16667,-71.5
Venezuela_Colombia,2012-0238-COL,2012,0238,Natural,Hydrological,Flood,Riverine flood,NA,NA,Kill,Colombia,COL,South America,Americas,NA,NA,NA,NA,NA,NA,NA,NA,Km2,NA,NA,NA,NA,2012,3,15,2012,5,14,48,NA,NA,8000,8000,NA,NA,62000,89.8052929320648, valle del cauca,3.43722,-76.5225
Venezuela_Colombia,2012-0238-COL,2012,0238,Natural,Hydrological,Flood,Riverine flood,NA,NA,Kill,Colombia,COL,South America,Americas,NA,NA,NA,NA,NA,NA,NA,NA,Km2,NA,NA,NA,NA,2012,3,15,2012,5,14,48,NA,NA,8000,8000,NA,NA,62000,89.8052929320648, narino,1.5,-78
Venezuela_Colombia,2012-0238-COL,2012,0238,Natural,Hydrological,Flood,Riverine flood,NA,NA,Kill,Colombia,COL,South America,Americas,NA,NA,NA,NA,NA,NA,NA,NA,Km2,NA,NA,NA,NA,2012,3,15,2012,5,14,48,NA,NA,8000,8000,NA,NA,62000,89.8052929320648, bocaya,NA,NA
Venezuela_Colombia,2012-0238-COL,2012,0238,Natural,Hydrological,Flood,Riverine flood,NA,NA,Kill,Colombia,COL,South America,Americas,NA,NA,NA,NA,NA,NA,NA,NA,Km2,NA,NA,NA,NA,2012,3,15,2012,5,14,48,NA,NA,8000,8000,NA,NA,62000,89.8052929320648, putumayo,0.5,-76
Venezuela_Colombia,2012-0238-COL,2012,0238,Natural,Hydrological,Flood,Riverine flood,NA,NA,Kill,Colombia,COL,South America,Americas,NA,NA,NA,NA,NA,NA,NA,NA,Km2,NA,NA,NA,NA,2012,3,15,2012,5,14,48,NA,NA,8000,8000,NA,NA,62000,89.8052929320648, huila,2.5,-75.58333
Venezuela_Colombia,2012-0238-COL,2012,0238,Natural,Hydrological,Flood,Riverine flood,NA,NA,Kill,Colombia,COL,South America,Americas,NA,NA,NA,NA,NA,NA,NA,NA,Km2,NA,NA,NA,NA,2012,3,15,2012,5,14,48,NA,NA,8000,8000,NA,NA,62000,89.8052929320648, sucre,9,-75
Venezuela_Colombia,2012-0238-COL,2012,0238,Natural,Hydrological,Flood,Riverine flood,NA,NA,Kill,Colombia,COL,South America,Americas,NA,NA,NA,NA,NA,NA,NA,NA,Km2,NA,NA,NA,NA,2012,3,15,2012,5,14,48,NA,NA,8000,8000,NA,NA,62000,89.8052929320648, cordoba,8.33333,-75.66667
Venezuela_Colombia,2012-0238-COL,2012,0238,Natural,Hydrological,Flood,Riverine flood,NA,NA,Kill,Colombia,COL,South America,Americas,NA,NA,NA,NA,NA,NA,NA,NA,Km2,NA,NA,NA,NA,2012,3,15,2012,5,14,48,NA,NA,8000,8000,NA,NA,62000,89.8052929320648, sant,NA,NA
Venezuela_Colombia,2012-0238-COL,2012,0238,Natural,Hydrological,Flood,Riverine flood,NA,NA,Kill,Colombia,COL,South America,Americas,NA,NA,NA,NA,NA,NA,NA,NA,Km2,NA,NA,NA,NA,2012,3,15,2012,5,14,48,NA,NA,8000,8000,NA,NA,62000,89.8052929320648,er,10.46314,-73.25322
Venezuela_Colombia,2012-0238-COL,2012,0238,Natural,Hydrological,Flood,Riverine flood,NA,NA,Kill,Colombia,COL,South America,Americas,NA,NA,NA,NA,NA,NA,NA,NA,Km2,NA,NA,NA,NA,2012,3,15,2012,5,14,48,NA,NA,8000,8000,NA,NA,62000,89.8052929320648, cundimarca,NA,NA
Venezuela_Colombia,2012-0238-COL,2012,0238,Natural,Hydrological,Flood,Riverine flood,NA,NA,Kill,Colombia,COL,South America,Americas,NA,NA,NA,NA,NA,NA,NA,NA,Km2,NA,NA,NA,NA,2012,3,15,2012,5,14,48,NA,NA,8000,8000,NA,NA,62000,89.8052929320648, cauca,3.43722,-76.5225
Venezuela_Colombia,2012-0238-COL,2012,0238,Natural,Hydrological,Flood,Riverine flood,NA,NA,Kill,Colombia,COL,South America,Americas,NA,NA,NA,NA,NA,NA,NA,NA,Km2,NA,NA,NA,NA,2012,3,15,2012,5,14,48,NA,NA,8000,8000,NA,NA,62000,89.8052929320648, choco ,6,-77
Venezuela_Colombia,2012-0457-COL,2012,0457,Natural,Hydrological,Flood,Riverine flood,NA,NA,Kill,Colombia,COL,South America,Americas,NA,NA,NA,NA,NA,NA,NA,NA,Km2,NA,NA,NA,NA,2012,10,5,2012,10,19,12,18,17500,NA,17518,NA,NA,NA,89.8052929320648,villa del prado town ,NA,NA
Venezuela_Colombia,2012-0457-COL,2012,0457,Natural,Hydrological,Flood,Riverine flood,NA,NA,Kill,Colombia,COL,South America,Americas,NA,NA,NA,NA,NA,NA,NA,NA,Km2,NA,NA,NA,NA,2012,10,5,2012,10,19,12,18,17500,NA,17518,NA,NA,NA,89.8052929320648,isnos ,1.97627,-76.28168
Venezuela_Colombia,2012-0457-COL,2012,0457,Natural,Hydrological,Flood,Riverine flood,NA,NA,Kill,Colombia,COL,South America,Americas,NA,NA,NA,NA,NA,NA,NA,NA,Km2,NA,NA,NA,NA,2012,10,5,2012,10,19,12,18,17500,NA,17518,NA,NA,NA,89.8052929320648, huila ,2.5,-75.58333
Venezuela_Colombia,2012-0457-COL,2012,0457,Natural,Hydrological,Flood,Riverine flood,NA,NA,Kill,Colombia,COL,South America,Americas,NA,NA,NA,NA,NA,NA,NA,NA,Km2,NA,NA,NA,NA,2012,10,5,2012,10,19,12,18,17500,NA,17518,NA,NA,NA,89.8052929320648,,4.60971,-74.08175
Venezuela_Colombia,2013-0513-COL,2013,0513,Natural,Hydrological,Flood,Riverine flood,NA,NA,Affected,Colombia,COL,South America,Americas,NA,"Slide (land, mud, snow, rock)",Storm,NA,NA,NA,NA,NA,Km2,NA,NA,NA,NA,2013,9,15,2013,12,1,7,NA,51781,NA,51781,NA,NA,2000,91.1207940325185,boyaca,5.66667,-73
Venezuela_Colombia,2013-0513-COL,2013,0513,Natural,Hydrological,Flood,Riverine flood,NA,NA,Affected,Colombia,COL,South America,Americas,NA,"Slide (land, mud, snow, rock)",Storm,NA,NA,NA,NA,NA,Km2,NA,NA,NA,NA,2013,9,15,2013,12,1,7,NA,51781,NA,51781,NA,NA,2000,91.1207940325185, caldas,5.26667,-75.33333
Venezuela_Colombia,2013-0513-COL,2013,0513,Natural,Hydrological,Flood,Riverine flood,NA,NA,Affected,Colombia,COL,South America,Americas,NA,"Slide (land, mud, snow, rock)",Storm,NA,NA,NA,NA,NA,Km2,NA,NA,NA,NA,2013,9,15,2013,12,1,7,NA,51781,NA,51781,NA,NA,2000,91.1207940325185, cundinamarca,5,-74.16667
Venezuela_Colombia,2013-0513-COL,2013,0513,Natural,Hydrological,Flood,Riverine flood,NA,NA,Affected,Colombia,COL,South America,Americas,NA,"Slide (land, mud, snow, rock)",Storm,NA,NA,NA,NA,NA,Km2,NA,NA,NA,NA,2013,9,15,2013,12,1,7,NA,51781,NA,51781,NA,NA,2000,91.1207940325185, huila,2.5,-75.58333
Venezuela_Colombia,2013-0513-COL,2013,0513,Natural,Hydrological,Flood,Riverine flood,NA,NA,Affected,Colombia,COL,South America,Americas,NA,"Slide (land, mud, snow, rock)",Storm,NA,NA,NA,NA,NA,Km2,NA,NA,NA,NA,2013,9,15,2013,12,1,7,NA,51781,NA,51781,NA,NA,2000,91.1207940325185, quindio,4.5,-75.66667
Venezuela_Colombia,2013-0513-COL,2013,0513,Natural,Hydrological,Flood,Riverine flood,NA,NA,Affected,Colombia,COL,South America,Americas,NA,"Slide (land, mud, snow, rock)",Storm,NA,NA,NA,NA,NA,Km2,NA,NA,NA,NA,2013,9,15,2013,12,1,7,NA,51781,NA,51781,NA,NA,2000,91.1207940325185, risaralda,4.81333,-75.69611
Venezuela_Colombia,2013-0513-COL,2013,0513,Natural,Hydrological,Flood,Riverine flood,NA,NA,Affected,Colombia,COL,South America,Americas,NA,"Slide (land, mud, snow, rock)",Storm,NA,NA,NA,NA,NA,Km2,NA,NA,NA,NA,2013,9,15,2013,12,1,7,NA,51781,NA,51781,NA,NA,2000,91.1207940325185, choco,6,-77
Venezuela_Colombia,2013-0513-COL,2013,0513,Natural,Hydrological,Flood,Riverine flood,NA,NA,Affected,Colombia,COL,South America,Americas,NA,"Slide (land, mud, snow, rock)",Storm,NA,NA,NA,NA,NA,Km2,NA,NA,NA,NA,2013,9,15,2013,12,1,7,NA,51781,NA,51781,NA,NA,2000,91.1207940325185, valle del cauca,3.43722,-76.5225
Venezuela_Colombia,2013-0513-COL,2013,0513,Natural,Hydrological,Flood,Riverine flood,NA,NA,Affected,Colombia,COL,South America,Americas,NA,"Slide (land, mud, snow, rock)",Storm,NA,NA,NA,NA,NA,Km2,NA,NA,NA,NA,2013,9,15,2013,12,1,7,NA,51781,NA,51781,NA,NA,2000,91.1207940325185, magdalena,11.24079,-74.19904
Venezuela_Colombia,2013-0513-COL,2013,0513,Natural,Hydrological,Flood,Riverine flood,NA,NA,Affected,Colombia,COL,South America,Americas,NA,"Slide (land, mud, snow, rock)",Storm,NA,NA,NA,NA,NA,Km2,NA,NA,NA,NA,2013,9,15,2013,12,1,7,NA,51781,NA,51781,NA,NA,2000,91.1207940325185, bolivar,10.39972,-75.51444
Venezuela_Colombia,2013-0513-COL,2013,0513,Natural,Hydrological,Flood,Riverine flood,NA,NA,Affected,Colombia,COL,South America,Americas,NA,"Slide (land, mud, snow, rock)",Storm,NA,NA,NA,NA,NA,Km2,NA,NA,NA,NA,2013,9,15,2013,12,1,7,NA,51781,NA,51781,NA,NA,2000,91.1207940325185, antioquia,6.25184,-75.56359
Venezuela_Colombia,2013-0513-COL,2013,0513,Natural,Hydrological,Flood,Riverine flood,NA,NA,Affected,Colombia,COL,South America,Americas,NA,"Slide (land, mud, snow, rock)",Storm,NA,NA,NA,NA,NA,Km2,NA,NA,NA,NA,2013,9,15,2013,12,1,7,NA,51781,NA,51781,NA,NA,2000,91.1207940325185, atlantico,10.96854,-74.78132
Venezuela_Colombia,2013-0513-COL,2013,0513,Natural,Hydrological,Flood,Riverine flood,NA,NA,Affected,Colombia,COL,South America,Americas,NA,"Slide (land, mud, snow, rock)",Storm,NA,NA,NA,NA,NA,Km2,NA,NA,NA,NA,2013,9,15,2013,12,1,7,NA,51781,NA,51781,NA,NA,2000,91.1207940325185, cauca ,3.43722,-76.5225
Venezuela_Colombia,2014-0019-COL,2014,0019,Natural,Hydrological,Flood,Riverine flood,NA,NA,Affected,Colombia,COL,South America,Americas,Maybe linked to an earthquake,Broken Dam/Burst bank,NA,NA,NA,NA,NA,NA,Km2,NA,NA,NA,"San Augustin, Garrapatas rivers",2014,1,6,2014,1,6,NA,NA,8978,NA,8978,NA,NA,NA,92.5989805737934,t,8.17361,-76.05917
Venezuela_Colombia,2014-0019-COL,2014,0019,Natural,Hydrological,Flood,Riverine flood,NA,NA,Affected,Colombia,COL,South America,Americas,Maybe linked to an earthquake,Broken Dam/Burst bank,NA,NA,NA,NA,NA,NA,Km2,NA,NA,NA,"San Augustin, Garrapatas rivers",2014,1,6,2014,1,6,NA,NA,8978,NA,8978,NA,NA,NA,92.5989805737934,,4.60971,-74.08175
Venezuela_Colombia,2014-0019-COL,2014,0019,Natural,Hydrological,Flood,Riverine flood,NA,NA,Affected,Colombia,COL,South America,Americas,Maybe linked to an earthquake,Broken Dam/Burst bank,NA,NA,NA,NA,NA,NA,Km2,NA,NA,NA,"San Augustin, Garrapatas rivers",2014,1,6,2014,1,6,NA,NA,8978,NA,8978,NA,NA,NA,92.5989805737934,ao,4.142,-73.62664
Venezuela_Colombia,2014-0019-COL,2014,0019,Natural,Hydrological,Flood,Riverine flood,NA,NA,Affected,Colombia,COL,South America,Americas,Maybe linked to an earthquake,Broken Dam/Burst bank,NA,NA,NA,NA,NA,NA,Km2,NA,NA,NA,"San Augustin, Garrapatas rivers",2014,1,6,2014,1,6,NA,NA,8978,NA,8978,NA,NA,NA,92.5989805737934, santa rosa,4.86806,-75.62139
Venezuela_Colombia,2014-0019-COL,2014,0019,Natural,Hydrological,Flood,Riverine flood,NA,NA,Affected,Colombia,COL,South America,Americas,Maybe linked to an earthquake,Broken Dam/Burst bank,NA,NA,NA,NA,NA,NA,Km2,NA,NA,NA,"San Augustin, Garrapatas rivers",2014,1,6,2014,1,6,NA,NA,8978,NA,8978,NA,NA,NA,92.5989805737934, san,10.96854,-74.78132
Venezuela_Colombia,2014-0019-COL,2014,0019,Natural,Hydrological,Flood,Riverine flood,NA,NA,Affected,Colombia,COL,South America,Americas,Maybe linked to an earthquake,Broken Dam/Burst bank,NA,NA,NA,NA,NA,NA,Km2,NA,NA,NA,"San Augustin, Garrapatas rivers",2014,1,6,2014,1,6,NA,NA,8978,NA,8978,NA,NA,NA,92.5989805737934,ocito,NA,NA
Venezuela_Colombia,2014-0019-COL,2014,0019,Natural,Hydrological,Flood,Riverine flood,NA,NA,Affected,Colombia,COL,South America,Americas,Maybe linked to an earthquake,Broken Dam/Burst bank,NA,NA,NA,NA,NA,NA,Km2,NA,NA,NA,"San Augustin, Garrapatas rivers",2014,1,6,2014,1,6,NA,NA,8978,NA,8978,NA,NA,NA,92.5989805737934, marqueza,7.46694,-73.90611
Venezuela_Colombia,2014-0019-COL,2014,0019,Natural,Hydrological,Flood,Riverine flood,NA,NA,Affected,Colombia,COL,South America,Americas,Maybe linked to an earthquake,Broken Dam/Burst bank,NA,NA,NA,NA,NA,NA,Km2,NA,NA,NA,"San Augustin, Garrapatas rivers",2014,1,6,2014,1,6,NA,NA,8978,NA,8978,NA,NA,NA,92.5989805737934, teatino,4.69363,-76.77009
Venezuela_Colombia,2014-0019-COL,2014,0019,Natural,Hydrological,Flood,Riverine flood,NA,NA,Affected,Colombia,COL,South America,Americas,Maybe linked to an earthquake,Broken Dam/Burst bank,NA,NA,NA,NA,NA,NA,Km2,NA,NA,NA,"San Augustin, Garrapatas rivers",2014,1,6,2014,1,6,NA,NA,8978,NA,8978,NA,NA,NA,92.5989805737934, canaveral,1.61604,-77.31382
Venezuela_Colombia,2014-0019-COL,2014,0019,Natural,Hydrological,Flood,Riverine flood,NA,NA,Affected,Colombia,COL,South America,Americas,Maybe linked to an earthquake,Broken Dam/Burst bank,NA,NA,NA,NA,NA,NA,Km2,NA,NA,NA,"San Augustin, Garrapatas rivers",2014,1,6,2014,1,6,NA,NA,8978,NA,8978,NA,NA,NA,92.5989805737934, chambacu,9.3,-74.38333
Venezuela_Colombia,2014-0019-COL,2014,0019,Natural,Hydrological,Flood,Riverine flood,NA,NA,Affected,Colombia,COL,South America,Americas,Maybe linked to an earthquake,Broken Dam/Burst bank,NA,NA,NA,NA,NA,NA,Km2,NA,NA,NA,"San Augustin, Garrapatas rivers",2014,1,6,2014,1,6,NA,NA,8978,NA,8978,NA,NA,NA,92.5989805737934, san augustin,1.8803,-76.27293
Venezuela_Colombia,2014-0019-COL,2014,0019,Natural,Hydrological,Flood,Riverine flood,NA,NA,Affected,Colombia,COL,South America,Americas,Maybe linked to an earthquake,Broken Dam/Burst bank,NA,NA,NA,NA,NA,NA,Km2,NA,NA,NA,"San Augustin, Garrapatas rivers",2014,1,6,2014,1,6,NA,NA,8978,NA,8978,NA,NA,NA,92.5989805737934, brisas,6.41052,-75.70462
Venezuela_Colombia,2014-0019-COL,2014,0019,Natural,Hydrological,Flood,Riverine flood,NA,NA,Affected,Colombia,COL,South America,Americas,Maybe linked to an earthquake,Broken Dam/Burst bank,NA,NA,NA,NA,NA,NA,Km2,NA,NA,NA,"San Augustin, Garrapatas rivers",2014,1,6,2014,1,6,NA,NA,8978,NA,8978,NA,NA,NA,92.5989805737934, charco hondo,4.74656,-76.64883
Venezuela_Colombia,2014-0019-COL,2014,0019,Natural,Hydrological,Flood,Riverine flood,NA,NA,Affected,Colombia,COL,South America,Americas,Maybe linked to an earthquake,Broken Dam/Burst bank,NA,NA,NA,NA,NA,NA,Km2,NA,NA,NA,"San Augustin, Garrapatas rivers",2014,1,6,2014,1,6,NA,NA,8978,NA,8978,NA,NA,NA,92.5989805737934, barranconcito,NA,NA
Venezuela_Colombia,2014-0019-COL,2014,0019,Natural,Hydrological,Flood,Riverine flood,NA,NA,Affected,Colombia,COL,South America,Americas,Maybe linked to an earthquake,Broken Dam/Burst bank,NA,NA,NA,NA,NA,NA,Km2,NA,NA,NA,"San Augustin, Garrapatas rivers",2014,1,6,2014,1,6,NA,NA,8978,NA,8978,NA,NA,NA,92.5989805737934, loma de chupey,NA,NA
Venezuela_Colombia,2014-0019-COL,2014,0019,Natural,Hydrological,Flood,Riverine flood,NA,NA,Affected,Colombia,COL,South America,Americas,Maybe linked to an earthquake,Broken Dam/Burst bank,NA,NA,NA,NA,NA,NA,Km2,NA,NA,NA,"San Augustin, Garrapatas rivers",2014,1,6,2014,1,6,NA,NA,8978,NA,8978,NA,NA,NA,92.5989805737934, barrancon,2.63718,-72.58234
Venezuela_Colombia,2014-0019-COL,2014,0019,Natural,Hydrological,Flood,Riverine flood,NA,NA,Affected,Colombia,COL,South America,Americas,Maybe linked to an earthquake,Broken Dam/Burst bank,NA,NA,NA,NA,NA,NA,Km2,NA,NA,NA,"San Augustin, Garrapatas rivers",2014,1,6,2014,1,6,NA,NA,8978,NA,8978,NA,NA,NA,92.5989805737934, charco largo  ,4.75254,-73.27545
Venezuela_Colombia,2014-0019-COL,2014,0019,Natural,Hydrological,Flood,Riverine flood,NA,NA,Affected,Colombia,COL,South America,Americas,Maybe linked to an earthquake,Broken Dam/Burst bank,NA,NA,NA,NA,NA,NA,Km2,NA,NA,NA,"San Augustin, Garrapatas rivers",2014,1,6,2014,1,6,NA,NA,8978,NA,8978,NA,NA,NA,92.5989805737934,sipi ,4.60257,-76.51036
Venezuela_Colombia,2014-0019-COL,2014,0019,Natural,Hydrological,Flood,Riverine flood,NA,NA,Affected,Colombia,COL,South America,Americas,Maybe linked to an earthquake,Broken Dam/Burst bank,NA,NA,NA,NA,NA,NA,Km2,NA,NA,NA,"San Augustin, Garrapatas rivers",2014,1,6,2014,1,6,NA,NA,8978,NA,8978,NA,NA,NA,92.5989805737934, choco ,6,-77
Venezuela_Colombia,2014-0019-COL,2014,0019,Natural,Hydrological,Flood,Riverine flood,NA,NA,Affected,Colombia,COL,South America,Americas,Maybe linked to an earthquake,Broken Dam/Burst bank,NA,NA,NA,NA,NA,NA,Km2,NA,NA,NA,"San Augustin, Garrapatas rivers",2014,1,6,2014,1,6,NA,NA,8978,NA,8978,NA,NA,NA,92.5989805737934,,4.60971,-74.08175
Venezuela_Colombia,2011-0619-VEN,2011,0619,Natural,Hydrological,Flood,Flash flood,NA,NA,Affected,Venezuela (Bolivarian Republic of),VEN,South America,Americas,Torrential rain,NA,NA,NA,NA,NA,NA,37648,Km2,7.677,-64.77,NA,NA,2011,4,15,2011,4,25,9,NA,NA,NA,NA,NA,NA,NA,87.9846029188446,bolivar town ,NA,NA
Venezuela_Colombia,2011-0619-VEN,2011,0619,Natural,Hydrological,Flood,Flash flood,NA,NA,Affected,Venezuela (Bolivarian Republic of),VEN,South America,Americas,Torrential rain,NA,NA,NA,NA,NA,NA,37648,Km2,7.677,-64.77,NA,NA,2011,4,15,2011,4,25,9,NA,NA,NA,NA,NA,NA,NA,87.9846029188446,colon ,8.03125,-72.26053
Venezuela_Colombia,2011-0619-VEN,2011,0619,Natural,Hydrological,Flood,Flash flood,NA,NA,Affected,Venezuela (Bolivarian Republic of),VEN,South America,Americas,Torrential rain,NA,NA,NA,NA,NA,NA,37648,Km2,7.677,-64.77,NA,NA,2011,4,15,2011,4,25,9,NA,NA,NA,NA,NA,NA,NA,87.9846029188446, zulia ,10.66663,-71.61245
Venezuela_Colombia,2011-0619-VEN,2011,0619,Natural,Hydrological,Flood,Flash flood,NA,NA,Affected,Venezuela (Bolivarian Republic of),VEN,South America,Americas,Torrential rain,NA,NA,NA,NA,NA,NA,37648,Km2,7.677,-64.77,NA,NA,2011,4,15,2011,4,25,9,NA,NA,NA,NA,NA,NA,NA,87.9846029188446,,10.48801,-66.87919
Venezuela_Colombia,2011-0569-VEN,2011,0569,Natural,Hydrological,Flood,Riverine flood,NA,NA,Affected,Venezuela (Bolivarian Republic of),VEN,South America,Americas,Heavy rains,NA,NA,NA,NA,NA,NA,NA,Km2,NA,NA,NA,NA,2011,12,1,2011,12,1,NA,NA,1668,NA,1668,NA,NA,NA,87.9846029188446,aragua,10.23535,-67.59113
Venezuela_Colombia,2011-0569-VEN,2011,0569,Natural,Hydrological,Flood,Riverine flood,NA,NA,Affected,Venezuela (Bolivarian Republic of),VEN,South America,Americas,Heavy rains,NA,NA,NA,NA,NA,NA,NA,Km2,NA,NA,NA,NA,2011,12,1,2011,12,1,NA,NA,1668,NA,1668,NA,NA,NA,87.9846029188446, zulia ,10.66663,-71.61245
Venezuela_Colombia,2011-0635-VEN,2011,0635,Natural,Hydrological,Flood,Riverine flood,NA,NA,Affected,Venezuela (Bolivarian Republic of),VEN,South America,Americas,NA,NA,NA,NA,NA,NA,NA,NA,Km2,NA,NA,NA,NA,2011,12,6,2011,12,12,8,NA,NA,2000,2000,NA,NA,16000,87.9846029188446,distrito capital,10.48801,-66.87919
Venezuela_Colombia,2011-0635-VEN,2011,0635,Natural,Hydrological,Flood,Riverine flood,NA,NA,Affected,Venezuela (Bolivarian Republic of),VEN,South America,Americas,NA,NA,NA,NA,NA,NA,NA,NA,Km2,NA,NA,NA,NA,2011,12,6,2011,12,12,8,NA,NA,2000,2000,NA,NA,16000,87.9846029188446, merida,8.58972,-71.15611
Venezuela_Colombia,2011-0635-VEN,2011,0635,Natural,Hydrological,Flood,Riverine flood,NA,NA,Affected,Venezuela (Bolivarian Republic of),VEN,South America,Americas,NA,NA,NA,NA,NA,NA,NA,NA,Km2,NA,NA,NA,NA,2011,12,6,2011,12,12,8,NA,NA,2000,2000,NA,NA,16000,87.9846029188446, mir,NA,NA
Venezuela_Colombia,2011-0635-VEN,2011,0635,Natural,Hydrological,Flood,Riverine flood,NA,NA,Affected,Venezuela (Bolivarian Republic of),VEN,South America,Americas,NA,NA,NA,NA,NA,NA,NA,NA,Km2,NA,NA,NA,NA,2011,12,6,2011,12,12,8,NA,NA,2000,2000,NA,NA,16000,87.9846029188446,a,10.48801,-66.87919
Venezuela_Colombia,2011-0635-VEN,2011,0635,Natural,Hydrological,Flood,Riverine flood,NA,NA,Affected,Venezuela (Bolivarian Republic of),VEN,South America,Americas,NA,NA,NA,NA,NA,NA,NA,NA,Km2,NA,NA,NA,NA,2011,12,6,2011,12,12,8,NA,NA,2000,2000,NA,NA,16000,87.9846029188446, tachira,7.83333,-72.08333
Venezuela_Colombia,2011-0635-VEN,2011,0635,Natural,Hydrological,Flood,Riverine flood,NA,NA,Affected,Venezuela (Bolivarian Republic of),VEN,South America,Americas,NA,NA,NA,NA,NA,NA,NA,NA,Km2,NA,NA,NA,NA,2011,12,6,2011,12,12,8,NA,NA,2000,2000,NA,NA,16000,87.9846029188446, zulia ,10.66663,-71.61245
Venezuela_Colombia,2012-0241-VEN,2012,0241,Natural,Hydrological,Flood,Riverine flood,NA,NA,Affected,Venezuela (Bolivarian Republic of),VEN,South America,Americas,Hevay rains,NA,NA,NA,NA,NA,NA,NA,Km2,NA,NA,NA,NA,2012,5,8,2012,5,11,NA,NA,11000,NA,11000,NA,NA,93000,89.8052929320648,tachira,7.83333,-72.08333
Venezuela_Colombia,2012-0241-VEN,2012,0241,Natural,Hydrological,Flood,Riverine flood,NA,NA,Affected,Venezuela (Bolivarian Republic of),VEN,South America,Americas,Hevay rains,NA,NA,NA,NA,NA,NA,NA,Km2,NA,NA,NA,NA,2012,5,8,2012,5,11,NA,NA,11000,NA,11000,NA,NA,93000,89.8052929320648, sucre,10.45397,-64.18256
Venezuela_Colombia,2012-0241-VEN,2012,0241,Natural,Hydrological,Flood,Riverine flood,NA,NA,Affected,Venezuela (Bolivarian Republic of),VEN,South America,Americas,Hevay rains,NA,NA,NA,NA,NA,NA,NA,Km2,NA,NA,NA,NA,2012,5,8,2012,5,11,NA,NA,11000,NA,11000,NA,NA,93000,89.8052929320648, bolivar ,8.35122,-62.64102
Venezuela_Colombia,2014-0378-COL,2014,0378,Natural,Meteorological,Storm,Convective storm,Lightning/Thunderstorms,NA,Kill,Colombia,COL,South America,Americas,NA,NA,NA,NA,NA,NA,NA,NA,Kph,NA,NA,NA,NA,2014,10,6,2014,10,6,11,18,NA,NA,18,NA,NA,NA,92.5989805737934,santa marta ,11.24079,-74.19904
Venezuela_Colombia,2014-0378-COL,2014,0378,Natural,Meteorological,Storm,Convective storm,Lightning/Thunderstorms,NA,Kill,Colombia,COL,South America,Americas,NA,NA,NA,NA,NA,NA,NA,NA,Kph,NA,NA,NA,NA,2014,10,6,2014,10,6,11,18,NA,NA,18,NA,NA,NA,92.5989805737934,dist. esp.,NA,NA
Venezuela_Colombia,2014-0378-COL,2014,0378,Natural,Meteorological,Storm,Convective storm,Lightning/Thunderstorms,NA,Kill,Colombia,COL,South America,Americas,NA,NA,NA,NA,NA,NA,NA,NA,Kph,NA,NA,NA,NA,2014,10,6,2014,10,6,11,18,NA,NA,18,NA,NA,NA,92.5989805737934,magdalena ,11.24079,-74.19904
Venezuela_Colombia,2014-0378-COL,2014,0378,Natural,Meteorological,Storm,Convective storm,Lightning/Thunderstorms,NA,Kill,Colombia,COL,South America,Americas,NA,NA,NA,NA,NA,NA,NA,NA,Kph,NA,NA,NA,NA,2014,10,6,2014,10,6,11,18,NA,NA,18,NA,NA,NA,92.5989805737934,,4.60971,-74.08175
Venezuela_Colombia,2014-0430-COL,2014,0430,Natural,Hydrological,Flood,Riverine flood,NA,NA,Kill,Colombia,COL,South America,Americas,Rainy season,NA,NA,NA,NA,NA,NA,NA,Km2,NA,NA,NA,NA,2014,3,15,2014,5,15,33,NA,41151,NA,41151,NA,NA,NA,92.5989805737934,cauca,3.43722,-76.5225
Venezuela_Colombia,2014-0430-COL,2014,0430,Natural,Hydrological,Flood,Riverine flood,NA,NA,Kill,Colombia,COL,South America,Americas,Rainy season,NA,NA,NA,NA,NA,NA,NA,Km2,NA,NA,NA,NA,2014,3,15,2014,5,15,33,NA,41151,NA,41151,NA,NA,NA,92.5989805737934, caqueta,0.75,-74
Venezuela_Colombia,2014-0430-COL,2014,0430,Natural,Hydrological,Flood,Riverine flood,NA,NA,Kill,Colombia,COL,South America,Americas,Rainy season,NA,NA,NA,NA,NA,NA,NA,Km2,NA,NA,NA,NA,2014,3,15,2014,5,15,33,NA,41151,NA,41151,NA,NA,NA,92.5989805737934, choco,6,-77
Venezuela_Colombia,2014-0430-COL,2014,0430,Natural,Hydrological,Flood,Riverine flood,NA,NA,Kill,Colombia,COL,South America,Americas,Rainy season,NA,NA,NA,NA,NA,NA,NA,Km2,NA,NA,NA,NA,2014,3,15,2014,5,15,33,NA,41151,NA,41151,NA,NA,NA,92.5989805737934, magdalena,11.24079,-74.19904
Venezuela_Colombia,2014-0430-COL,2014,0430,Natural,Hydrological,Flood,Riverine flood,NA,NA,Kill,Colombia,COL,South America,Americas,Rainy season,NA,NA,NA,NA,NA,NA,NA,Km2,NA,NA,NA,NA,2014,3,15,2014,5,15,33,NA,41151,NA,41151,NA,NA,NA,92.5989805737934, caldas ,5.26667,-75.33333
Venezuela_Colombia,2014-0431-COL,2014,0431,Natural,Hydrological,Flood,Riverine flood,NA,NA,Affected,Colombia,COL,South America,Americas,NA,NA,NA,NA,NA,NA,NA,NA,Km2,NA,NA,NA,NA,2014,6,14,2014,6,14,NA,NA,4085,NA,4085,NA,NA,NA,92.5989805737934,sibundoy,1.22956,-76.90236
Venezuela_Colombia,2014-0431-COL,2014,0431,Natural,Hydrological,Flood,Riverine flood,NA,NA,Affected,Colombia,COL,South America,Americas,NA,NA,NA,NA,NA,NA,NA,NA,Km2,NA,NA,NA,NA,2014,6,14,2014,6,14,NA,NA,4085,NA,4085,NA,NA,NA,92.5989805737934, colon,10.83904,-73.68753
Venezuela_Colombia,2014-0431-COL,2014,0431,Natural,Hydrological,Flood,Riverine flood,NA,NA,Affected,Colombia,COL,South America,Americas,NA,NA,NA,NA,NA,NA,NA,NA,Km2,NA,NA,NA,NA,2014,6,14,2014,6,14,NA,NA,4085,NA,4085,NA,NA,NA,92.5989805737934, santiago,3.43722,-76.5225
Venezuela_Colombia,2014-0431-COL,2014,0431,Natural,Hydrological,Flood,Riverine flood,NA,NA,Affected,Colombia,COL,South America,Americas,NA,NA,NA,NA,NA,NA,NA,NA,Km2,NA,NA,NA,NA,2014,6,14,2014,6,14,NA,NA,4085,NA,4085,NA,NA,NA,92.5989805737934, san francisco  ,4.96335,-74.26613
Venezuela_Colombia,2014-0431-COL,2014,0431,Natural,Hydrological,Flood,Riverine flood,NA,NA,Affected,Colombia,COL,South America,Americas,NA,NA,NA,NA,NA,NA,NA,NA,Km2,NA,NA,NA,NA,2014,6,14,2014,6,14,NA,NA,4085,NA,4085,NA,NA,NA,92.5989805737934,putumayo ,0.5,-76
Venezuela_Colombia,2014-0431-COL,2014,0431,Natural,Hydrological,Flood,Riverine flood,NA,NA,Affected,Colombia,COL,South America,Americas,NA,NA,NA,NA,NA,NA,NA,NA,Km2,NA,NA,NA,NA,2014,6,14,2014,6,14,NA,NA,4085,NA,4085,NA,NA,NA,92.5989805737934,,4.60971,-74.08175
Venezuela_Colombia,2014-0505-COL,2014,0505,Natural,Hydrological,Flood,Riverine flood,NA,NA,Kill,Colombia,COL,South America,Americas,Heavy rains,NA,NA,NA,NA,NA,NA,406009,Km2,NA,NA,NA,NA,2014,11,1,2014,12,20,44,NA,18000,NA,18000,NA,NA,8000,92.5989805737934,choco ,6,-77
Venezuela_Colombia,2015-9372-COL,2015,9372,Natural,Climatological,Drought,Drought,NA,NA,SigDis,Colombia,COL,South America,Americas,El Nino,Wildfire,NA,NA,NA,NA,NA,NA,Km2,NA,NA,NA,NA,2015,10,NA,2016,2,NA,NA,NA,NA,NA,NA,NA,NA,NA,92.7088219860826,caldas,5.26667,-75.33333
Venezuela_Colombia,2015-9372-COL,2015,9372,Natural,Climatological,Drought,Drought,NA,NA,SigDis,Colombia,COL,South America,Americas,El Nino,Wildfire,NA,NA,NA,NA,NA,NA,Km2,NA,NA,NA,NA,2015,10,NA,2016,2,NA,NA,NA,NA,NA,NA,NA,NA,NA,92.7088219860826, tolima,4.43889,-75.23222
Venezuela_Colombia,2015-9372-COL,2015,9372,Natural,Climatological,Drought,Drought,NA,NA,SigDis,Colombia,COL,South America,Americas,El Nino,Wildfire,NA,NA,NA,NA,NA,NA,Km2,NA,NA,NA,NA,2015,10,NA,2016,2,NA,NA,NA,NA,NA,NA,NA,NA,NA,92.7088219860826, quindio,4.5,-75.66667
Venezuela_Colombia,2015-9372-COL,2015,9372,Natural,Climatological,Drought,Drought,NA,NA,SigDis,Colombia,COL,South America,Americas,El Nino,Wildfire,NA,NA,NA,NA,NA,NA,Km2,NA,NA,NA,NA,2015,10,NA,2016,2,NA,NA,NA,NA,NA,NA,NA,NA,NA,92.7088219860826, huila,2.5,-75.58333
Venezuela_Colombia,2015-9372-COL,2015,9372,Natural,Climatological,Drought,Drought,NA,NA,SigDis,Colombia,COL,South America,Americas,El Nino,Wildfire,NA,NA,NA,NA,NA,NA,Km2,NA,NA,NA,NA,2015,10,NA,2016,2,NA,NA,NA,NA,NA,NA,NA,NA,NA,92.7088219860826, boyaca,5.66667,-73
Venezuela_Colombia,2015-9372-COL,2015,9372,Natural,Climatological,Drought,Drought,NA,NA,SigDis,Colombia,COL,South America,Americas,El Nino,Wildfire,NA,NA,NA,NA,NA,NA,Km2,NA,NA,NA,NA,2015,10,NA,2016,2,NA,NA,NA,NA,NA,NA,NA,NA,NA,92.7088219860826, valle del cauca,3.43722,-76.5225
Venezuela_Colombia,2015-9372-COL,2015,9372,Natural,Climatological,Drought,Drought,NA,NA,SigDis,Colombia,COL,South America,Americas,El Nino,Wildfire,NA,NA,NA,NA,NA,NA,Km2,NA,NA,NA,NA,2015,10,NA,2016,2,NA,NA,NA,NA,NA,NA,NA,NA,NA,92.7088219860826, sant,NA,NA
Venezuela_Colombia,2015-9372-COL,2015,9372,Natural,Climatological,Drought,Drought,NA,NA,SigDis,Colombia,COL,South America,Americas,El Nino,Wildfire,NA,NA,NA,NA,NA,NA,Km2,NA,NA,NA,NA,2015,10,NA,2016,2,NA,NA,NA,NA,NA,NA,NA,NA,NA,92.7088219860826,er,10.46314,-73.25322
Venezuela_Colombia,2015-9372-COL,2015,9372,Natural,Climatological,Drought,Drought,NA,NA,SigDis,Colombia,COL,South America,Americas,El Nino,Wildfire,NA,NA,NA,NA,NA,NA,Km2,NA,NA,NA,NA,2015,10,NA,2016,2,NA,NA,NA,NA,NA,NA,NA,NA,NA,92.7088219860826, narino,1.5,-78
Venezuela_Colombia,2015-9372-COL,2015,9372,Natural,Climatological,Drought,Drought,NA,NA,SigDis,Colombia,COL,South America,Americas,El Nino,Wildfire,NA,NA,NA,NA,NA,NA,Km2,NA,NA,NA,NA,2015,10,NA,2016,2,NA,NA,NA,NA,NA,NA,NA,NA,NA,92.7088219860826, caqueta,0.75,-74
Venezuela_Colombia,2015-9372-COL,2015,9372,Natural,Climatological,Drought,Drought,NA,NA,SigDis,Colombia,COL,South America,Americas,El Nino,Wildfire,NA,NA,NA,NA,NA,NA,Km2,NA,NA,NA,NA,2015,10,NA,2016,2,NA,NA,NA,NA,NA,NA,NA,NA,NA,92.7088219860826, risaralda,4.81333,-75.69611
Venezuela_Colombia,2015-9372-COL,2015,9372,Natural,Climatological,Drought,Drought,NA,NA,SigDis,Colombia,COL,South America,Americas,El Nino,Wildfire,NA,NA,NA,NA,NA,NA,Km2,NA,NA,NA,NA,2015,10,NA,2016,2,NA,NA,NA,NA,NA,NA,NA,NA,NA,92.7088219860826, guajira,10.83904,-73.68753
Venezuela_Colombia,2015-9372-COL,2015,9372,Natural,Climatological,Drought,Drought,NA,NA,SigDis,Colombia,COL,South America,Americas,El Nino,Wildfire,NA,NA,NA,NA,NA,NA,Km2,NA,NA,NA,NA,2015,10,NA,2016,2,NA,NA,NA,NA,NA,NA,NA,NA,NA,92.7088219860826, atlantico,10.96854,-74.78132
Venezuela_Colombia,2015-9372-COL,2015,9372,Natural,Climatological,Drought,Drought,NA,NA,SigDis,Colombia,COL,South America,Americas,El Nino,Wildfire,NA,NA,NA,NA,NA,NA,Km2,NA,NA,NA,NA,2015,10,NA,2016,2,NA,NA,NA,NA,NA,NA,NA,NA,NA,92.7088219860826, magdalena,11.24079,-74.19904
Venezuela_Colombia,2015-9372-COL,2015,9372,Natural,Climatological,Drought,Drought,NA,NA,SigDis,Colombia,COL,South America,Americas,El Nino,Wildfire,NA,NA,NA,NA,NA,NA,Km2,NA,NA,NA,NA,2015,10,NA,2016,2,NA,NA,NA,NA,NA,NA,NA,NA,NA,92.7088219860826, bolivar,10.39972,-75.51444
Venezuela_Colombia,2015-9372-COL,2015,9372,Natural,Climatological,Drought,Drought,NA,NA,SigDis,Colombia,COL,South America,Americas,El Nino,Wildfire,NA,NA,NA,NA,NA,NA,Km2,NA,NA,NA,NA,2015,10,NA,2016,2,NA,NA,NA,NA,NA,NA,NA,NA,NA,92.7088219860826, arauca,7.08471,-70.75908
Venezuela_Colombia,2015-9372-COL,2015,9372,Natural,Climatological,Drought,Drought,NA,NA,SigDis,Colombia,COL,South America,Americas,El Nino,Wildfire,NA,NA,NA,NA,NA,NA,Km2,NA,NA,NA,NA,2015,10,NA,2016,2,NA,NA,NA,NA,NA,NA,NA,NA,NA,92.7088219860826, casanare ,5.5,-71.5
Venezuela_Colombia,2015-0171-COL,2015,0171,Natural,Hydrological,Landslide,Landslide,NA,NA,Kill,Colombia,COL,South America,Americas,Heavy rains,Flood,NA,NA,NA,NA,NA,NA,NA,5.70693,-74.5,NA,Liboriana river,2015,5,17,2015,5,18,93,48,NA,300,348,NA,NA,NA,92.7088219860826,salgar  ,5.96711,-75.98747
Venezuela_Colombia,2015-0171-COL,2015,0171,Natural,Hydrological,Landslide,Landslide,NA,NA,Kill,Colombia,COL,South America,Americas,Heavy rains,Flood,NA,NA,NA,NA,NA,NA,NA,5.70693,-74.5,NA,Liboriana river,2015,5,17,2015,5,18,93,48,NA,300,348,NA,NA,NA,92.7088219860826,antioquia,6.25184,-75.56359
Venezuela_Colombia,2015-0171-COL,2015,0171,Natural,Hydrological,Landslide,Landslide,NA,NA,Kill,Colombia,COL,South America,Americas,Heavy rains,Flood,NA,NA,NA,NA,NA,NA,NA,5.70693,-74.5,NA,Liboriana river,2015,5,17,2015,5,18,93,48,NA,300,348,NA,NA,NA,92.7088219860826,,4.60971,-74.08175
Venezuela_Colombia,2015-0171-COL,2015,0171,Natural,Hydrological,Landslide,Landslide,NA,NA,Kill,Colombia,COL,South America,Americas,Heavy rains,Flood,NA,NA,NA,NA,NA,NA,NA,5.70693,-74.5,NA,Liboriana river,2015,5,17,2015,5,18,93,48,NA,300,348,NA,NA,NA,92.7088219860826, amazonas ,-1.16667,-71.5
Venezuela_Colombia,2015-0325-COL,2015,0325,Natural,Hydrological,Flood,Riverine flood,NA,NA,Affected,Colombia,COL,South America,Americas,NA,NA,NA,NA,NA,NA,NA,NA,Km2,NA,NA,NA,NA,2015,7,22,2015,8,6,NA,NA,8105,NA,8105,NA,NA,NA,92.7088219860826,san miguel,5.53492,-73.75144
Venezuela_Colombia,2015-0325-COL,2015,0325,Natural,Hydrological,Flood,Riverine flood,NA,NA,Affected,Colombia,COL,South America,Americas,NA,NA,NA,NA,NA,NA,NA,NA,Km2,NA,NA,NA,NA,2015,7,22,2015,8,6,NA,NA,8105,NA,8105,NA,NA,NA,92.7088219860826, puerto asis,0.46155,-76.34227
Venezuela_Colombia,2015-0325-COL,2015,0325,Natural,Hydrological,Flood,Riverine flood,NA,NA,Affected,Colombia,COL,South America,Americas,NA,NA,NA,NA,NA,NA,NA,NA,Km2,NA,NA,NA,NA,2015,7,22,2015,8,6,NA,NA,8105,NA,8105,NA,NA,NA,92.7088219860826, v/guamuez,NA,NA
Venezuela_Colombia,2015-0296-VEN,2015,0296,Natural,Hydrological,Flood,Riverine flood,NA,NA,Affected,Venezuela (Bolivarian Republic of),VEN,South America,Americas,Heavy rains,NA,NA,NA,NA,Yes,NA,NA,Km2,NA,NA,NA,NA,2015,6,29,2015,7,7,NA,NA,45297,NA,45297,NA,NA,NA,92.7088219860826,apure,7.16667,-68.83333
Venezuela_Colombia,2015-0296-VEN,2015,0296,Natural,Hydrological,Flood,Riverine flood,NA,NA,Affected,Venezuela (Bolivarian Republic of),VEN,South America,Americas,Heavy rains,NA,NA,NA,NA,Yes,NA,NA,Km2,NA,NA,NA,NA,2015,6,29,2015,7,7,NA,NA,45297,NA,45297,NA,NA,NA,92.7088219860826, tachira,7.83333,-72.08333
Venezuela_Colombia,2015-0296-VEN,2015,0296,Natural,Hydrological,Flood,Riverine flood,NA,NA,Affected,Venezuela (Bolivarian Republic of),VEN,South America,Americas,Heavy rains,NA,NA,NA,NA,Yes,NA,NA,Km2,NA,NA,NA,NA,2015,6,29,2015,7,7,NA,NA,45297,NA,45297,NA,NA,NA,92.7088219860826, merida,8.58972,-71.15611
Venezuela_Colombia,2015-0296-VEN,2015,0296,Natural,Hydrological,Flood,Riverine flood,NA,NA,Affected,Venezuela (Bolivarian Republic of),VEN,South America,Americas,Heavy rains,NA,NA,NA,NA,Yes,NA,NA,Km2,NA,NA,NA,NA,2015,6,29,2015,7,7,NA,NA,45297,NA,45297,NA,NA,NA,92.7088219860826, zulia ,10.66663,-71.61245
Venezuela_Colombia,2016-0522-COL,2016,0522,Natural,Hydrological,Flood,NA,NA,NA,Kill,Colombia,COL,South America,Americas,NA,"Slide (land, mud, snow, rock)",NA,NA,NA,NA,NA,NA,Km2,NA,NA,NA,Cali river,2016,11,26,2016,12,5,6,NA,NA,72,72,NA,NA,NA,93.878436484259,cali  ,3.43722,-76.5225
Venezuela_Colombia,2016-0522-COL,2016,0522,Natural,Hydrological,Flood,NA,NA,NA,Kill,Colombia,COL,South America,Americas,NA,"Slide (land, mud, snow, rock)",NA,NA,NA,NA,NA,NA,Km2,NA,NA,NA,Cali river,2016,11,26,2016,12,5,6,NA,NA,72,72,NA,NA,NA,93.878436484259,siloé ,NA,NA
Venezuela_Colombia,2016-0522-COL,2016,0522,Natural,Hydrological,Flood,NA,NA,NA,Kill,Colombia,COL,South America,Americas,NA,"Slide (land, mud, snow, rock)",NA,NA,NA,NA,NA,NA,Km2,NA,NA,NA,Cali river,2016,11,26,2016,12,5,6,NA,NA,72,72,NA,NA,NA,93.878436484259,,4.60971,-74.08175
Venezuela_Colombia,2016-0533-COL,2016,0533,Natural,Hydrological,Flood,Riverine flood,NA,NA,Affected,Colombia,COL,South America,Americas,NA,NA,NA,NA,NA,NA,NA,NA,Km2,NA,NA,NA,San Juan River and Condoto rivers,2016,10,18,2016,10,22,4,NA,NA,2200,2200,NA,NA,NA,93.878436484259,choco ,6,-77
Venezuela_Colombia,2017-0215-COL,2017,0215,Natural,Hydrological,Flood,Riverine flood,NA,NA,Kill,Colombia,COL,South America,Americas,NA,"Slide (land, mud, snow, rock)",Storm,NA,NA,NA,NA,NA,Km2,NA,NA,NA,NA,2017,3,17,2017,3,27,12,NA,3000,NA,3000,NA,NA,2000,95.8781657744988,antioquia,6.25184,-75.56359
Venezuela_Colombia,2017-0215-COL,2017,0215,Natural,Hydrological,Flood,Riverine flood,NA,NA,Kill,Colombia,COL,South America,Americas,NA,"Slide (land, mud, snow, rock)",Storm,NA,NA,NA,NA,NA,Km2,NA,NA,NA,NA,2017,3,17,2017,3,27,12,NA,3000,NA,3000,NA,NA,2000,95.8781657744988, cundinamarca,5,-74.16667
Venezuela_Colombia,2017-0215-COL,2017,0215,Natural,Hydrological,Flood,Riverine flood,NA,NA,Kill,Colombia,COL,South America,Americas,NA,"Slide (land, mud, snow, rock)",Storm,NA,NA,NA,NA,NA,Km2,NA,NA,NA,NA,2017,3,17,2017,3,27,12,NA,3000,NA,3000,NA,NA,2000,95.8781657744988, cauca,3.43722,-76.5225
Venezuela_Colombia,2017-0215-COL,2017,0215,Natural,Hydrological,Flood,Riverine flood,NA,NA,Kill,Colombia,COL,South America,Americas,NA,"Slide (land, mud, snow, rock)",Storm,NA,NA,NA,NA,NA,Km2,NA,NA,NA,NA,2017,3,17,2017,3,27,12,NA,3000,NA,3000,NA,NA,2000,95.8781657744988, valle del cauca,3.43722,-76.5225
Venezuela_Colombia,2017-0215-COL,2017,0215,Natural,Hydrological,Flood,Riverine flood,NA,NA,Kill,Colombia,COL,South America,Americas,NA,"Slide (land, mud, snow, rock)",Storm,NA,NA,NA,NA,NA,Km2,NA,NA,NA,NA,2017,3,17,2017,3,27,12,NA,3000,NA,3000,NA,NA,2000,95.8781657744988, nariño,1.5,-78
Venezuela_Colombia,2017-0215-COL,2017,0215,Natural,Hydrological,Flood,Riverine flood,NA,NA,Kill,Colombia,COL,South America,Americas,NA,"Slide (land, mud, snow, rock)",Storm,NA,NA,NA,NA,NA,Km2,NA,NA,NA,NA,2017,3,17,2017,3,27,12,NA,3000,NA,3000,NA,NA,2000,95.8781657744988, sant,NA,NA
Venezuela_Colombia,2017-0215-COL,2017,0215,Natural,Hydrological,Flood,Riverine flood,NA,NA,Kill,Colombia,COL,South America,Americas,NA,"Slide (land, mud, snow, rock)",Storm,NA,NA,NA,NA,NA,Km2,NA,NA,NA,NA,2017,3,17,2017,3,27,12,NA,3000,NA,3000,NA,NA,2000,95.8781657744988,er,10.46314,-73.25322
Venezuela_Colombia,2017-0215-COL,2017,0215,Natural,Hydrological,Flood,Riverine flood,NA,NA,Kill,Colombia,COL,South America,Americas,NA,"Slide (land, mud, snow, rock)",Storm,NA,NA,NA,NA,NA,Km2,NA,NA,NA,NA,2017,3,17,2017,3,27,12,NA,3000,NA,3000,NA,NA,2000,95.8781657744988, chocó,6,-77
Venezuela_Colombia,2017-0215-COL,2017,0215,Natural,Hydrological,Flood,Riverine flood,NA,NA,Kill,Colombia,COL,South America,Americas,NA,"Slide (land, mud, snow, rock)",Storm,NA,NA,NA,NA,NA,Km2,NA,NA,NA,NA,2017,3,17,2017,3,27,12,NA,3000,NA,3000,NA,NA,2000,95.8781657744988, caldas,5.26667,-75.33333
Venezuela_Colombia,2017-0215-COL,2017,0215,Natural,Hydrological,Flood,Riverine flood,NA,NA,Kill,Colombia,COL,South America,Americas,NA,"Slide (land, mud, snow, rock)",Storm,NA,NA,NA,NA,NA,Km2,NA,NA,NA,NA,2017,3,17,2017,3,27,12,NA,3000,NA,3000,NA,NA,2000,95.8781657744988, putumayo,0.5,-76
Venezuela_Colombia,2017-0215-COL,2017,0215,Natural,Hydrological,Flood,Riverine flood,NA,NA,Kill,Colombia,COL,South America,Americas,NA,"Slide (land, mud, snow, rock)",Storm,NA,NA,NA,NA,NA,Km2,NA,NA,NA,NA,2017,3,17,2017,3,27,12,NA,3000,NA,3000,NA,NA,2000,95.8781657744988, césar,9.33333,-73.5
Venezuela_Colombia,2017-0215-COL,2017,0215,Natural,Hydrological,Flood,Riverine flood,NA,NA,Kill,Colombia,COL,South America,Americas,NA,"Slide (land, mud, snow, rock)",Storm,NA,NA,NA,NA,NA,Km2,NA,NA,NA,NA,2017,3,17,2017,3,27,12,NA,3000,NA,3000,NA,NA,2000,95.8781657744988, risaralda,4.81333,-75.69611
Venezuela_Colombia,2017-0478-COL,2017,0478,Natural,Hydrological,Flood,NA,NA,NA,Affected,Colombia,COL,South America,Americas,Heavy rains,"Slide (land, mud, snow, rock)",NA,NA,NA,NA,NA,NA,Km2,NA,NA,NA,La Paila river,2017,11,9,2017,11,9,22,30,51,111,192,NA,NA,NA,95.8781657744988,corinto ,3.13598,-76.20646
Venezuela_Colombia,2017-0478-COL,2017,0478,Natural,Hydrological,Flood,NA,NA,NA,Affected,Colombia,COL,South America,Americas,Heavy rains,"Slide (land, mud, snow, rock)",NA,NA,NA,NA,NA,NA,Km2,NA,NA,NA,La Paila river,2017,11,9,2017,11,9,22,30,51,111,192,NA,NA,NA,95.8781657744988,cauca,3.43722,-76.5225
Venezuela_Colombia,2017-0478-COL,2017,0478,Natural,Hydrological,Flood,NA,NA,NA,Affected,Colombia,COL,South America,Americas,Heavy rains,"Slide (land, mud, snow, rock)",NA,NA,NA,NA,NA,NA,Km2,NA,NA,NA,La Paila river,2017,11,9,2017,11,9,22,30,51,111,192,NA,NA,NA,95.8781657744988,,4.60971,-74.08175
Venezuela_Colombia,2017-0410-COL,2017,0410,Natural,Meteorological,Storm,Tropical cyclone,NA,Tropical depression'16/Hurricane 'Nate',Kill,Colombia,COL,South America,Americas,NA,Flood,NA,NA,NA,NA,NA,NA,Kph,NA,NA,NA,NA,2017,10,4,2017,10,4,NA,NA,NA,NA,NA,NA,NA,NA,95.8781657744988,san andres,12.58317,-81.70636
Venezuela_Colombia,2017-0410-COL,2017,0410,Natural,Meteorological,Storm,Tropical cyclone,NA,Tropical depression'16/Hurricane 'Nate',Kill,Colombia,COL,South America,Americas,NA,Flood,NA,NA,NA,NA,NA,NA,Kph,NA,NA,NA,NA,2017,10,4,2017,10,4,NA,NA,NA,NA,NA,NA,NA,NA,95.8781657744988, providencia ,12.52449,-81.71983
Venezuela_Colombia,2017-0410-COL,2017,0410,Natural,Meteorological,Storm,Tropical cyclone,NA,Tropical depression'16/Hurricane 'Nate',Kill,Colombia,COL,South America,Americas,NA,Flood,NA,NA,NA,NA,NA,NA,Kph,NA,NA,NA,NA,2017,10,4,2017,10,4,NA,NA,NA,NA,NA,NA,NA,NA,95.8781657744988, santa catalina,12.52449,-81.71983
Venezuela_Colombia,2017-0119-COL,2017,0119,Natural,Hydrological,Landslide,Landslide,NA,NA,Kill,Colombia,COL,South America,Americas,Torrential rains,NA,NA,NA,NA,NA,NA,NA,NA,NA,NA,NA,NA,2017,4,17,2017,4,21,20,23,489,NA,512,NA,NA,2000,95.8781657744988,manizales ,5.06889,-75.51738
Venezuela_Colombia,2017-0119-COL,2017,0119,Natural,Hydrological,Landslide,Landslide,NA,NA,Kill,Colombia,COL,South America,Americas,Torrential rains,NA,NA,NA,NA,NA,NA,NA,NA,NA,NA,NA,NA,2017,4,17,2017,4,21,20,23,489,NA,512,NA,NA,2000,95.8781657744988,caldes,NA,NA
Venezuela_Colombia,2017-0119-COL,2017,0119,Natural,Hydrological,Landslide,Landslide,NA,NA,Kill,Colombia,COL,South America,Americas,Torrential rains,NA,NA,NA,NA,NA,NA,NA,NA,NA,NA,NA,NA,2017,4,17,2017,4,21,20,23,489,NA,512,NA,NA,2000,95.8781657744988,,4.60971,-74.08175
Venezuela_Colombia,2017-0090-COL,2017,0090,Natural,Hydrological,Landslide,Mudslide,NA,NA,Kill,Colombia,COL,South America,Americas,Torrential rain,NA,NA,NA,NA,Yes,NA,NA,NA,NA,NA,NA,"Mocoa, Sangoyaco, Mulato rivers",2017,3,31,2017,4,1,329,360,45000,NA,45360,NA,NA,100000,95.8781657744988,san fern,NA,NA
Venezuela_Colombia,2017-0090-COL,2017,0090,Natural,Hydrological,Landslide,Mudslide,NA,NA,Kill,Colombia,COL,South America,Americas,Torrential rain,NA,NA,NA,NA,Yes,NA,NA,NA,NA,NA,NA,"Mocoa, Sangoyaco, Mulato rivers",2017,3,31,2017,4,1,329,360,45000,NA,45360,NA,NA,100000,95.8781657744988,o,6.33732,-75.55795
Venezuela_Colombia,2017-0090-COL,2017,0090,Natural,Hydrological,Landslide,Mudslide,NA,NA,Kill,Colombia,COL,South America,Americas,Torrential rain,NA,NA,NA,NA,Yes,NA,NA,NA,NA,NA,NA,"Mocoa, Sangoyaco, Mulato rivers",2017,3,31,2017,4,1,329,360,45000,NA,45360,NA,NA,100000,95.8781657744988, san miguel,5.53492,-73.75144
Venezuela_Colombia,2017-0090-COL,2017,0090,Natural,Hydrological,Landslide,Mudslide,NA,NA,Kill,Colombia,COL,South America,Americas,Torrential rain,NA,NA,NA,NA,Yes,NA,NA,NA,NA,NA,NA,"Mocoa, Sangoyaco, Mulato rivers",2017,3,31,2017,4,1,329,360,45000,NA,45360,NA,NA,100000,95.8781657744988, independencia,0.90966,-75.3384
Venezuela_Colombia,2017-0090-COL,2017,0090,Natural,Hydrological,Landslide,Mudslide,NA,NA,Kill,Colombia,COL,South America,Americas,Torrential rain,NA,NA,NA,NA,Yes,NA,NA,NA,NA,NA,NA,"Mocoa, Sangoyaco, Mulato rivers",2017,3,31,2017,4,1,329,360,45000,NA,45360,NA,NA,100000,95.8781657744988, chaparros,6.94056,-70.48861
Venezuela_Colombia,2017-0090-COL,2017,0090,Natural,Hydrological,Landslide,Mudslide,NA,NA,Kill,Colombia,COL,South America,Americas,Torrential rain,NA,NA,NA,NA,Yes,NA,NA,NA,NA,NA,NA,"Mocoa, Sangoyaco, Mulato rivers",2017,3,31,2017,4,1,329,360,45000,NA,45360,NA,NA,100000,95.8781657744988, san agustín,1.92433,-76.41572
Venezuela_Colombia,2017-0090-COL,2017,0090,Natural,Hydrological,Landslide,Mudslide,NA,NA,Kill,Colombia,COL,South America,Americas,Torrential rain,NA,NA,NA,NA,Yes,NA,NA,NA,NA,NA,NA,"Mocoa, Sangoyaco, Mulato rivers",2017,3,31,2017,4,1,329,360,45000,NA,45360,NA,NA,100000,95.8781657744988, naranjito,7.1003,-73.48983
Venezuela_Colombia,2017-0090-COL,2017,0090,Natural,Hydrological,Landslide,Mudslide,NA,NA,Kill,Colombia,COL,South America,Americas,Torrential rain,NA,NA,NA,NA,Yes,NA,NA,NA,NA,NA,NA,"Mocoa, Sangoyaco, Mulato rivers",2017,3,31,2017,4,1,329,360,45000,NA,45360,NA,NA,100000,95.8781657744988,pablo vi,6.28788,-75.5418
Venezuela_Colombia,2017-0090-COL,2017,0090,Natural,Hydrological,Landslide,Mudslide,NA,NA,Kill,Colombia,COL,South America,Americas,Torrential rain,NA,NA,NA,NA,Yes,NA,NA,NA,NA,NA,NA,"Mocoa, Sangoyaco, Mulato rivers",2017,3,31,2017,4,1,329,360,45000,NA,45360,NA,NA,100000,95.8781657744988, avenida 17 de julio,NA,NA
Venezuela_Colombia,2017-0090-COL,2017,0090,Natural,Hydrological,Landslide,Mudslide,NA,NA,Kill,Colombia,COL,South America,Americas,Torrential rain,NA,NA,NA,NA,Yes,NA,NA,NA,NA,NA,NA,"Mocoa, Sangoyaco, Mulato rivers",2017,3,31,2017,4,1,329,360,45000,NA,45360,NA,NA,100000,95.8781657744988, miraflores,1.35,-71.9444
Venezuela_Colombia,2017-0090-COL,2017,0090,Natural,Hydrological,Landslide,Mudslide,NA,NA,Kill,Colombia,COL,South America,Americas,Torrential rain,NA,NA,NA,NA,Yes,NA,NA,NA,NA,NA,NA,"Mocoa, Sangoyaco, Mulato rivers",2017,3,31,2017,4,1,329,360,45000,NA,45360,NA,NA,100000,95.8781657744988, progres ,NA,NA
Venezuela_Colombia,2017-0090-COL,2017,0090,Natural,Hydrological,Landslide,Mudslide,NA,NA,Kill,Colombia,COL,South America,Americas,Torrential rain,NA,NA,NA,NA,Yes,NA,NA,NA,NA,NA,NA,"Mocoa, Sangoyaco, Mulato rivers",2017,3,31,2017,4,1,329,360,45000,NA,45360,NA,NA,100000,95.8781657744988,mocoa,1.15284,-76.65208
Venezuela_Colombia,2017-0090-COL,2017,0090,Natural,Hydrological,Landslide,Mudslide,NA,NA,Kill,Colombia,COL,South America,Americas,Torrential rain,NA,NA,NA,NA,Yes,NA,NA,NA,NA,NA,NA,"Mocoa, Sangoyaco, Mulato rivers",2017,3,31,2017,4,1,329,360,45000,NA,45360,NA,NA,100000,95.8781657744988,,4.60971,-74.08175
Venezuela_Colombia,2017-0090-COL,2017,0090,Natural,Hydrological,Landslide,Mudslide,NA,NA,Kill,Colombia,COL,South America,Americas,Torrential rain,NA,NA,NA,NA,Yes,NA,NA,NA,NA,NA,NA,"Mocoa, Sangoyaco, Mulato rivers",2017,3,31,2017,4,1,329,360,45000,NA,45360,NA,NA,100000,95.8781657744988, putumayo ,0.5,-76
Venezuela_Colombia,2017-0223-COL,2017,0223,Natural,Hydrological,Flood,NA,NA,NA,Affected,Colombia,COL,South America,Americas,Heavy rains,NA,NA,NA,NA,NA,NA,128597,Km2,3.723,-72.674,NA,"Amuladero, Frio and Neiva rivers",2017,2,23,2017,3,3,1,NA,2000,NA,2000,NA,NA,NA,95.8781657744988,cundinamarca ,5,-74.16667
Venezuela_Colombia,2017-0223-COL,2017,0223,Natural,Hydrological,Flood,NA,NA,NA,Affected,Colombia,COL,South America,Americas,Heavy rains,NA,NA,NA,NA,NA,NA,128597,Km2,3.723,-72.674,NA,"Amuladero, Frio and Neiva rivers",2017,2,23,2017,3,3,1,NA,2000,NA,2000,NA,NA,NA,95.8781657744988,guacheta,5.389,-73.69701
Venezuela_Colombia,2017-0223-COL,2017,0223,Natural,Hydrological,Flood,NA,NA,NA,Affected,Colombia,COL,South America,Americas,Heavy rains,NA,NA,NA,NA,NA,NA,128597,Km2,3.723,-72.674,NA,"Amuladero, Frio and Neiva rivers",2017,2,23,2017,3,3,1,NA,2000,NA,2000,NA,NA,NA,95.8781657744988,,4.60971,-74.08175
Venezuela_Colombia,2017-0223-COL,2017,0223,Natural,Hydrological,Flood,NA,NA,NA,Affected,Colombia,COL,South America,Americas,Heavy rains,NA,NA,NA,NA,NA,NA,128597,Km2,3.723,-72.674,NA,"Amuladero, Frio and Neiva rivers",2017,2,23,2017,3,3,1,NA,2000,NA,2000,NA,NA,NA,95.8781657744988, huila ,2.5,-75.58333
Venezuela_Colombia,2017-0223-COL,2017,0223,Natural,Hydrological,Flood,NA,NA,NA,Affected,Colombia,COL,South America,Americas,Heavy rains,NA,NA,NA,NA,NA,NA,128597,Km2,3.723,-72.674,NA,"Amuladero, Frio and Neiva rivers",2017,2,23,2017,3,3,1,NA,2000,NA,2000,NA,NA,NA,95.8781657744988,rivera,2.77347,-75.20188
Venezuela_Colombia,2017-0223-COL,2017,0223,Natural,Hydrological,Flood,NA,NA,NA,Affected,Colombia,COL,South America,Americas,Heavy rains,NA,NA,NA,NA,NA,NA,128597,Km2,3.723,-72.674,NA,"Amuladero, Frio and Neiva rivers",2017,2,23,2017,3,3,1,NA,2000,NA,2000,NA,NA,NA,95.8781657744988,,4.60971,-74.08175
Venezuela_Colombia,2017-0223-COL,2017,0223,Natural,Hydrological,Flood,NA,NA,NA,Affected,Colombia,COL,South America,Americas,Heavy rains,NA,NA,NA,NA,NA,NA,128597,Km2,3.723,-72.674,NA,"Amuladero, Frio and Neiva rivers",2017,2,23,2017,3,3,1,NA,2000,NA,2000,NA,NA,NA,95.8781657744988, antioquia ,6.25184,-75.56359
Venezuela_Colombia,2017-0223-COL,2017,0223,Natural,Hydrological,Flood,NA,NA,NA,Affected,Colombia,COL,South America,Americas,Heavy rains,NA,NA,NA,NA,NA,NA,128597,Km2,3.723,-72.674,NA,"Amuladero, Frio and Neiva rivers",2017,2,23,2017,3,3,1,NA,2000,NA,2000,NA,NA,NA,95.8781657744988,medellin,6.25184,-75.56359
Venezuela_Colombia,2017-0223-COL,2017,0223,Natural,Hydrological,Flood,NA,NA,NA,Affected,Colombia,COL,South America,Americas,Heavy rains,NA,NA,NA,NA,NA,NA,128597,Km2,3.723,-72.674,NA,"Amuladero, Frio and Neiva rivers",2017,2,23,2017,3,3,1,NA,2000,NA,2000,NA,NA,NA,95.8781657744988, itagui,6.18461,-75.59913
Venezuela_Colombia,2017-0223-COL,2017,0223,Natural,Hydrological,Flood,NA,NA,NA,Affected,Colombia,COL,South America,Americas,Heavy rains,NA,NA,NA,NA,NA,NA,128597,Km2,3.723,-72.674,NA,"Amuladero, Frio and Neiva rivers",2017,2,23,2017,3,3,1,NA,2000,NA,2000,NA,NA,NA,95.8781657744988, aburra valley,6.28333,-75.5
Venezuela_Colombia,2017-0223-COL,2017,0223,Natural,Hydrological,Flood,NA,NA,NA,Affected,Colombia,COL,South America,Americas,Heavy rains,NA,NA,NA,NA,NA,NA,128597,Km2,3.723,-72.674,NA,"Amuladero, Frio and Neiva rivers",2017,2,23,2017,3,3,1,NA,2000,NA,2000,NA,NA,NA,95.8781657744988, s,11.00703,-74.24765
Venezuela_Colombia,2017-0225-COL,2017,0225,Natural,Hydrological,Flood,NA,NA,NA,Affected,Colombia,COL,South America,Americas,Heavy rains,NA,NA,NA,NA,NA,NA,117321,Km2,1.691,-76.286,NA,"Sanquianga, Quebrada Las Palmas, Telembí, Iscuandé, Mira",2017,1,5,2017,2,7,NA,NA,25646,15,25661,NA,NA,NA,95.8781657744988,nariño  ,1.5,-78
Venezuela_Colombia,2017-0225-COL,2017,0225,Natural,Hydrological,Flood,NA,NA,NA,Affected,Colombia,COL,South America,Americas,Heavy rains,NA,NA,NA,NA,NA,NA,117321,Km2,1.691,-76.286,NA,"Sanquianga, Quebrada Las Palmas, Telembí, Iscuandé, Mira",2017,1,5,2017,2,7,NA,NA,25646,15,25661,NA,NA,NA,95.8781657744988,olaya herrera,6.21996,-75.59052
Venezuela_Colombia,2017-0225-COL,2017,0225,Natural,Hydrological,Flood,NA,NA,NA,Affected,Colombia,COL,South America,Americas,Heavy rains,NA,NA,NA,NA,NA,NA,117321,Km2,1.691,-76.286,NA,"Sanquianga, Quebrada Las Palmas, Telembí, Iscuandé, Mira",2017,1,5,2017,2,7,NA,NA,25646,15,25661,NA,NA,NA,95.8781657744988, arboleda,1.4983,-77.13613
Venezuela_Colombia,2017-0225-COL,2017,0225,Natural,Hydrological,Flood,NA,NA,NA,Affected,Colombia,COL,South America,Americas,Heavy rains,NA,NA,NA,NA,NA,NA,117321,Km2,1.691,-76.286,NA,"Sanquianga, Quebrada Las Palmas, Telembí, Iscuandé, Mira",2017,1,5,2017,2,7,NA,NA,25646,15,25661,NA,NA,NA,95.8781657744988, barbacoas,1.4817,-78.12223
Venezuela_Colombia,2017-0225-COL,2017,0225,Natural,Hydrological,Flood,NA,NA,NA,Affected,Colombia,COL,South America,Americas,Heavy rains,NA,NA,NA,NA,NA,NA,117321,Km2,1.691,-76.286,NA,"Sanquianga, Quebrada Las Palmas, Telembí, Iscuandé, Mira",2017,1,5,2017,2,7,NA,NA,25646,15,25661,NA,NA,NA,95.8781657744988, roberto payán,1.91757,-78.38191
Venezuela_Colombia,2017-0225-COL,2017,0225,Natural,Hydrological,Flood,NA,NA,NA,Affected,Colombia,COL,South America,Americas,Heavy rains,NA,NA,NA,NA,NA,NA,117321,Km2,1.691,-76.286,NA,"Sanquianga, Quebrada Las Palmas, Telembí, Iscuandé, Mira",2017,1,5,2017,2,7,NA,NA,25646,15,25661,NA,NA,NA,95.8781657744988, magui payán,1.90504,-78.04916
Venezuela_Colombia,2017-0225-COL,2017,0225,Natural,Hydrological,Flood,NA,NA,NA,Affected,Colombia,COL,South America,Americas,Heavy rains,NA,NA,NA,NA,NA,NA,117321,Km2,1.691,-76.286,NA,"Sanquianga, Quebrada Las Palmas, Telembí, Iscuandé, Mira",2017,1,5,2017,2,7,NA,NA,25646,15,25661,NA,NA,NA,95.8781657744988, policarpa,1.73298,-77.49181
Venezuela_Colombia,2017-0225-COL,2017,0225,Natural,Hydrological,Flood,NA,NA,NA,Affected,Colombia,COL,South America,Americas,Heavy rains,NA,NA,NA,NA,NA,NA,117321,Km2,1.691,-76.286,NA,"Sanquianga, Quebrada Las Palmas, Telembí, Iscuandé, Mira",2017,1,5,2017,2,7,NA,NA,25646,15,25661,NA,NA,NA,95.8781657744988, santa bárbara de iscu,NA,NA
Venezuela_Colombia,2017-0225-COL,2017,0225,Natural,Hydrological,Flood,NA,NA,NA,Affected,Colombia,COL,South America,Americas,Heavy rains,NA,NA,NA,NA,NA,NA,117321,Km2,1.691,-76.286,NA,"Sanquianga, Quebrada Las Palmas, Telembí, Iscuandé, Mira",2017,1,5,2017,2,7,NA,NA,25646,15,25661,NA,NA,NA,95.8781657744988,é,4.60971,-74.08175
Venezuela_Colombia,2017-0225-COL,2017,0225,Natural,Hydrological,Flood,NA,NA,NA,Affected,Colombia,COL,South America,Americas,Heavy rains,NA,NA,NA,NA,NA,NA,117321,Km2,1.691,-76.286,NA,"Sanquianga, Quebrada Las Palmas, Telembí, Iscuandé, Mira",2017,1,5,2017,2,7,NA,NA,25646,15,25661,NA,NA,NA,95.8781657744988, tumaco,1.79112,-78.79275
Venezuela_Colombia,2017-0225-COL,2017,0225,Natural,Hydrological,Flood,NA,NA,NA,Affected,Colombia,COL,South America,Americas,Heavy rains,NA,NA,NA,NA,NA,NA,117321,Km2,1.691,-76.286,NA,"Sanquianga, Quebrada Las Palmas, Telembí, Iscuandé, Mira",2017,1,5,2017,2,7,NA,NA,25646,15,25661,NA,NA,NA,95.8781657744988,,4.60971,-74.08175
Venezuela_Colombia,2018-0396-COL,2018,0396,Natural,Hydrological,Flood,NA,NA,NA,Affected,Colombia,COL,South America,Americas,NA,"Slide (land, mud, snow, rock)",NA,NA,NA,NA,NA,NA,Km2,NA,NA,NA,NA,2018,10,1,2018,10,17,12,NA,60000,NA,60000,NA,NA,NA,98.2199906178672,la guajira,10.83904,-73.68753
Venezuela_Colombia,2018-0396-COL,2018,0396,Natural,Hydrological,Flood,NA,NA,NA,Affected,Colombia,COL,South America,Americas,NA,"Slide (land, mud, snow, rock)",NA,NA,NA,NA,NA,NA,Km2,NA,NA,NA,NA,2018,10,1,2018,10,17,12,NA,60000,NA,60000,NA,NA,NA,98.2199906178672, caldas s,5.31676,-74.87289
Venezuela_Colombia,2018-0131-COL,2018,0131,Natural,Hydrological,Flood,NA,NA,NA,Kill,Colombia,COL,South America,Americas,Heavy rains,Storm,NA,NA,NA,NA,NA,NA,Km2,NA,NA,NA,NA,2018,3,12,2018,4,17,14,NA,NA,NA,NA,NA,NA,NA,98.2199906178672,norte de sant,NA,NA
Venezuela_Colombia,2018-0131-COL,2018,0131,Natural,Hydrological,Flood,NA,NA,NA,Kill,Colombia,COL,South America,Americas,Heavy rains,Storm,NA,NA,NA,NA,NA,NA,Km2,NA,NA,NA,NA,2018,3,12,2018,4,17,14,NA,NA,NA,NA,NA,NA,NA,98.2199906178672,er,10.46314,-73.25322
Venezuela_Colombia,2018-0131-COL,2018,0131,Natural,Hydrological,Flood,NA,NA,NA,Kill,Colombia,COL,South America,Americas,Heavy rains,Storm,NA,NA,NA,NA,NA,NA,Km2,NA,NA,NA,NA,2018,3,12,2018,4,17,14,NA,NA,NA,NA,NA,NA,NA,98.2199906178672, cundinamarca,5,-74.16667
Venezuela_Colombia,2018-0131-COL,2018,0131,Natural,Hydrological,Flood,NA,NA,NA,Kill,Colombia,COL,South America,Americas,Heavy rains,Storm,NA,NA,NA,NA,NA,NA,Km2,NA,NA,NA,NA,2018,3,12,2018,4,17,14,NA,NA,NA,NA,NA,NA,NA,98.2199906178672, choco,6,-77
Venezuela_Colombia,2018-0131-COL,2018,0131,Natural,Hydrological,Flood,NA,NA,NA,Kill,Colombia,COL,South America,Americas,Heavy rains,Storm,NA,NA,NA,NA,NA,NA,Km2,NA,NA,NA,NA,2018,3,12,2018,4,17,14,NA,NA,NA,NA,NA,NA,NA,98.2199906178672, narino,1.5,-78
Venezuela_Colombia,2018-0131-COL,2018,0131,Natural,Hydrological,Flood,NA,NA,NA,Kill,Colombia,COL,South America,Americas,Heavy rains,Storm,NA,NA,NA,NA,NA,NA,Km2,NA,NA,NA,NA,2018,3,12,2018,4,17,14,NA,NA,NA,NA,NA,NA,NA,98.2199906178672, tolima,4.43889,-75.23222
Venezuela_Colombia,2018-0131-COL,2018,0131,Natural,Hydrological,Flood,NA,NA,NA,Kill,Colombia,COL,South America,Americas,Heavy rains,Storm,NA,NA,NA,NA,NA,NA,Km2,NA,NA,NA,NA,2018,3,12,2018,4,17,14,NA,NA,NA,NA,NA,NA,NA,98.2199906178672, sant,NA,NA
Venezuela_Colombia,2018-0131-COL,2018,0131,Natural,Hydrological,Flood,NA,NA,NA,Kill,Colombia,COL,South America,Americas,Heavy rains,Storm,NA,NA,NA,NA,NA,NA,Km2,NA,NA,NA,NA,2018,3,12,2018,4,17,14,NA,NA,NA,NA,NA,NA,NA,98.2199906178672,er,10.46314,-73.25322
Venezuela_Colombia,2018-0131-COL,2018,0131,Natural,Hydrological,Flood,NA,NA,NA,Kill,Colombia,COL,South America,Americas,Heavy rains,Storm,NA,NA,NA,NA,NA,NA,Km2,NA,NA,NA,NA,2018,3,12,2018,4,17,14,NA,NA,NA,NA,NA,NA,NA,98.2199906178672, antioquia,6.25184,-75.56359
Venezuela_Colombia,2018-0131-COL,2018,0131,Natural,Hydrological,Flood,NA,NA,NA,Kill,Colombia,COL,South America,Americas,Heavy rains,Storm,NA,NA,NA,NA,NA,NA,Km2,NA,NA,NA,NA,2018,3,12,2018,4,17,14,NA,NA,NA,NA,NA,NA,NA,98.2199906178672, boyaca,5.66667,-73
Venezuela_Colombia,2018-0131-COL,2018,0131,Natural,Hydrological,Flood,NA,NA,NA,Kill,Colombia,COL,South America,Americas,Heavy rains,Storm,NA,NA,NA,NA,NA,NA,Km2,NA,NA,NA,NA,2018,3,12,2018,4,17,14,NA,NA,NA,NA,NA,NA,NA,98.2199906178672, valle del cauca,3.43722,-76.5225
Venezuela_Colombia,2019-0159-COL,2019,0159,Natural,Hydrological,Flood,NA,NA,NA,Kill,Colombia,COL,South America,Americas,Heavy rains,"Slide (land, mud, snow, rock)",NA,NA,NA,NA,NA,NA,Km2,NA,NA,NA,NA,2019,4,7,2019,4,15,14,NA,1647,NA,1647,NA,NA,NA,100,antioquia,6.25184,-75.56359
Venezuela_Colombia,2019-0159-COL,2019,0159,Natural,Hydrological,Flood,NA,NA,NA,Kill,Colombia,COL,South America,Americas,Heavy rains,"Slide (land, mud, snow, rock)",NA,NA,NA,NA,NA,NA,Km2,NA,NA,NA,NA,2019,4,7,2019,4,15,14,NA,1647,NA,1647,NA,NA,NA,100, nariño,1.5,-78
Venezuela_Colombia,2019-0159-COL,2019,0159,Natural,Hydrological,Flood,NA,NA,NA,Kill,Colombia,COL,South America,Americas,Heavy rains,"Slide (land, mud, snow, rock)",NA,NA,NA,NA,NA,NA,Km2,NA,NA,NA,NA,2019,4,7,2019,4,15,14,NA,1647,NA,1647,NA,NA,NA,100, cauca,3.43722,-76.5225
Venezuela_Colombia,2019-0159-COL,2019,0159,Natural,Hydrological,Flood,NA,NA,NA,Kill,Colombia,COL,South America,Americas,Heavy rains,"Slide (land, mud, snow, rock)",NA,NA,NA,NA,NA,NA,Km2,NA,NA,NA,NA,2019,4,7,2019,4,15,14,NA,1647,NA,1647,NA,NA,NA,100, cundinamarca,5,-74.16667
Venezuela_Colombia,2019-0159-COL,2019,0159,Natural,Hydrological,Flood,NA,NA,NA,Kill,Colombia,COL,South America,Americas,Heavy rains,"Slide (land, mud, snow, rock)",NA,NA,NA,NA,NA,NA,Km2,NA,NA,NA,NA,2019,4,7,2019,4,15,14,NA,1647,NA,1647,NA,NA,NA,100, huila,2.5,-75.58333
Venezuela_Colombia,2019-0159-COL,2019,0159,Natural,Hydrological,Flood,NA,NA,NA,Kill,Colombia,COL,South America,Americas,Heavy rains,"Slide (land, mud, snow, rock)",NA,NA,NA,NA,NA,NA,Km2,NA,NA,NA,NA,2019,4,7,2019,4,15,14,NA,1647,NA,1647,NA,NA,NA,100, caldas,5.26667,-75.33333
Venezuela_Colombia,2019-0159-COL,2019,0159,Natural,Hydrological,Flood,NA,NA,NA,Kill,Colombia,COL,South America,Americas,Heavy rains,"Slide (land, mud, snow, rock)",NA,NA,NA,NA,NA,NA,Km2,NA,NA,NA,NA,2019,4,7,2019,4,15,14,NA,1647,NA,1647,NA,NA,NA,100, caquetá,0.75,-74
Venezuela_Colombia,2019-0075-COL,2019,0075,Natural,Hydrological,Flood,NA,NA,NA,Affected,Colombia,COL,South America,Americas,Heavy rains,NA,NA,NA,NA,NA,NA,NA,Km2,NA,NA,NA,"San Juan, Iró, Condoto, Cértegui , Quito rivers",2019,2,20,2019,2,26,NA,NA,9000,NA,9000,NA,NA,NA,100,condoto,5.10603,-76.45161
Venezuela_Colombia,2019-0075-COL,2019,0075,Natural,Hydrological,Flood,NA,NA,NA,Affected,Colombia,COL,South America,Americas,Heavy rains,NA,NA,NA,NA,NA,NA,NA,Km2,NA,NA,NA,"San Juan, Iró, Condoto, Cértegui , Quito rivers",2019,2,20,2019,2,26,NA,NA,9000,NA,9000,NA,NA,NA,100, tadó,5.26345,-76.5507
Venezuela_Colombia,2019-0075-COL,2019,0075,Natural,Hydrological,Flood,NA,NA,NA,Affected,Colombia,COL,South America,Americas,Heavy rains,NA,NA,NA,NA,NA,NA,NA,Km2,NA,NA,NA,"San Juan, Iró, Condoto, Cértegui , Quito rivers",2019,2,20,2019,2,26,NA,NA,9000,NA,9000,NA,NA,NA,100, cértegui,5.4,-76.6
Venezuela_Colombia,2019-0075-COL,2019,0075,Natural,Hydrological,Flood,NA,NA,NA,Affected,Colombia,COL,South America,Americas,Heavy rains,NA,NA,NA,NA,NA,NA,NA,Km2,NA,NA,NA,"San Juan, Iró, Condoto, Cértegui , Quito rivers",2019,2,20,2019,2,26,NA,NA,9000,NA,9000,NA,NA,NA,100, andagoya,5.0963,-76.69616
Venezuela_Colombia,2019-0075-COL,2019,0075,Natural,Hydrological,Flood,NA,NA,NA,Affected,Colombia,COL,South America,Americas,Heavy rains,NA,NA,NA,NA,NA,NA,NA,Km2,NA,NA,NA,"San Juan, Iró, Condoto, Cértegui , Quito rivers",2019,2,20,2019,2,26,NA,NA,9000,NA,9000,NA,NA,NA,100, río iró e istmina  ,NA,NA
Venezuela_Colombia,2019-0075-COL,2019,0075,Natural,Hydrological,Flood,NA,NA,NA,Affected,Colombia,COL,South America,Americas,Heavy rains,NA,NA,NA,NA,NA,NA,NA,Km2,NA,NA,NA,"San Juan, Iró, Condoto, Cértegui , Quito rivers",2019,2,20,2019,2,26,NA,NA,9000,NA,9000,NA,NA,NA,100,chocó ,6,-77
Venezuela_Colombia,2019-0075-COL,2019,0075,Natural,Hydrological,Flood,NA,NA,NA,Affected,Colombia,COL,South America,Americas,Heavy rains,NA,NA,NA,NA,NA,NA,NA,Km2,NA,NA,NA,"San Juan, Iró, Condoto, Cértegui , Quito rivers",2019,2,20,2019,2,26,NA,NA,9000,NA,9000,NA,NA,NA,100,,4.60971,-74.08175
Venezuela_Colombia,2019-0175-COL,2019,0175,Natural,Hydrological,Landslide,NA,NA,NA,Kill,Colombia,COL,South America,Americas,Heavy rains,NA,NA,NA,NA,NA,NA,NA,NA,NA,NA,NA,NA,2019,4,21,2019,4,21,32,NA,NA,NA,NA,NA,NA,NA,100,rosas ,2.24593,-76.7423
Venezuela_Colombia,2019-0175-COL,2019,0175,Natural,Hydrological,Landslide,NA,NA,NA,Kill,Colombia,COL,South America,Americas,Heavy rains,NA,NA,NA,NA,NA,NA,NA,NA,NA,NA,NA,NA,2019,4,21,2019,4,21,32,NA,NA,NA,NA,NA,NA,NA,100,cauca ,3.43722,-76.5225
Venezuela_Colombia,2019-0175-COL,2019,0175,Natural,Hydrological,Landslide,NA,NA,NA,Kill,Colombia,COL,South America,Americas,Heavy rains,NA,NA,NA,NA,NA,NA,NA,NA,NA,NA,NA,NA,2019,4,21,2019,4,21,32,NA,NA,NA,NA,NA,NA,NA,100, - barbacoas municapility ,NA,NA
Venezuela_Colombia,2019-0175-COL,2019,0175,Natural,Hydrological,Landslide,NA,NA,NA,Kill,Colombia,COL,South America,Americas,Heavy rains,NA,NA,NA,NA,NA,NA,NA,NA,NA,NA,NA,NA,2019,4,21,2019,4,21,32,NA,NA,NA,NA,NA,NA,NA,100,narino ,1.5,-78
Venezuela_Colombia,2019-0175-COL,2019,0175,Natural,Hydrological,Landslide,NA,NA,NA,Kill,Colombia,COL,South America,Americas,Heavy rains,NA,NA,NA,NA,NA,NA,NA,NA,NA,NA,NA,NA,2019,4,21,2019,4,21,32,NA,NA,NA,NA,NA,NA,NA,100,,4.60971,-74.08175
Venezuela_Colombia,2016-0522-VEN,2016,0522,Natural,Hydrological,Flood,NA,NA,NA,Kill,Venezuela (Bolivarian Republic of),VEN,South America,Americas,NA,NA,NA,NA,NA,NA,NA,NA,Km2,NA,NA,NA,NA,2016,11,26,2016,12,5,NA,NA,NA,NA,NA,NA,NA,NA,93.878436484259,mir,NA,NA
Venezuela_Colombia,2016-0522-VEN,2016,0522,Natural,Hydrological,Flood,NA,NA,NA,Kill,Venezuela (Bolivarian Republic of),VEN,South America,Americas,NA,NA,NA,NA,NA,NA,NA,NA,Km2,NA,NA,NA,NA,2016,11,26,2016,12,5,NA,NA,NA,NA,NA,NA,NA,NA,93.878436484259,a,10.48801,-66.87919
Venezuela_Colombia,2016-0522-VEN,2016,0522,Natural,Hydrological,Flood,NA,NA,NA,Kill,Venezuela (Bolivarian Republic of),VEN,South America,Americas,NA,NA,NA,NA,NA,NA,NA,NA,Km2,NA,NA,NA,NA,2016,11,26,2016,12,5,NA,NA,NA,NA,NA,NA,NA,NA,93.878436484259, nueva esparta,11,-64
Venezuela_Colombia,2016-0522-VEN,2016,0522,Natural,Hydrological,Flood,NA,NA,NA,Kill,Venezuela (Bolivarian Republic of),VEN,South America,Americas,NA,NA,NA,NA,NA,NA,NA,NA,Km2,NA,NA,NA,NA,2016,11,26,2016,12,5,NA,NA,NA,NA,NA,NA,NA,NA,93.878436484259, monagas ,9.74569,-63.18323
Venezuela_Colombia,2018-0386-VEN,2018,0386,Natural,Hydrological,Flood,Flash flood,NA,NA,Affected,Venezuela (Bolivarian Republic of),VEN,South America,Americas,Torrential rain,NA,NA,NA,NA,NA,NA,3147,Km2,10.426,-66.55,NA,NA,2018,9,25,2018,9,28,2,NA,1000,NA,1000,NA,NA,NA,98.2199906178672,vargas,10.56667,-66.9
Venezuela_Colombia,2018-0386-VEN,2018,0386,Natural,Hydrological,Flood,Flash flood,NA,NA,Affected,Venezuela (Bolivarian Republic of),VEN,South America,Americas,Torrential rain,NA,NA,NA,NA,NA,NA,3147,Km2,10.426,-66.55,NA,NA,2018,9,25,2018,9,28,2,NA,1000,NA,1000,NA,NA,NA,98.2199906178672, aragua,10.23535,-67.59113
Venezuela_Colombia,2018-0290-VEN,2018,0290,Natural,Hydrological,Flood,NA,NA,NA,Affected,Venezuela (Bolivarian Republic of),VEN,South America,Americas,NA,NA,NA,NA,NA,NA,NA,NA,Km2,NA,NA,NA,Orénoque,2018,8,1,2018,8,10,NA,NA,9700,NA,9700,NA,NA,NA,98.2199906178672,bolivar,8.35122,-62.64102
Venezuela_Colombia,2018-0290-VEN,2018,0290,Natural,Hydrological,Flood,NA,NA,NA,Affected,Venezuela (Bolivarian Republic of),VEN,South America,Americas,NA,NA,NA,NA,NA,NA,NA,NA,Km2,NA,NA,NA,Orénoque,2018,8,1,2018,8,10,NA,NA,9700,NA,9700,NA,NA,NA,98.2199906178672, monagas,9.74569,-63.18323
Venezuela_Colombia,2018-0290-VEN,2018,0290,Natural,Hydrological,Flood,NA,NA,NA,Affected,Venezuela (Bolivarian Republic of),VEN,South America,Americas,NA,NA,NA,NA,NA,NA,NA,NA,Km2,NA,NA,NA,Orénoque,2018,8,1,2018,8,10,NA,NA,9700,NA,9700,NA,NA,NA,98.2199906178672, amazonas ,3.5,-66
Venezuela_Colombia,2019-0595-COL,2019,0595,Natural,Hydrological,Flood,NA,NA,NA,Kill,Colombia,COL,South America,Americas,NA,NA,NA,NA,NA,NA,NA,NA,Km2,NA,NA,NA,NA,2019,10,27,2019,11,17,20,NA,23035,215,23250,NA,NA,NA,100,antioquia ,6.25184,-75.56359
Venezuela_Colombia,2019-0595-COL,2019,0595,Natural,Hydrological,Flood,NA,NA,NA,Kill,Colombia,COL,South America,Americas,NA,NA,NA,NA,NA,NA,NA,NA,Km2,NA,NA,NA,NA,2019,10,27,2019,11,17,20,NA,23035,215,23250,NA,NA,NA,100, tolima s,5.15,-74.91667
Venezuela_Colombia,2019-0606-COL,2019,0606,Natural,Hydrological,Flood,NA,NA,NA,Affected,Colombia,COL,South America,Americas,Heavy rains,NA,NA,NA,NA,NA,NA,NA,Km2,NA,NA,NA,Telembí River,2019,12,6,2019,12,11,NA,NA,6000,NA,6000,NA,NA,NA,100,nariño ,1.5,-78
Venezuela_Colombia,2019-0653-COL,2019,0653,Natural,Hydrological,Flood,NA,NA,NA,Kill,Colombia,COL,South America,Americas,Heavy rains,NA,NA,NA,NA,NA,NA,NA,Km2,NA,NA,NA,NA,2019,12,26,2019,12,26,18,NA,NA,NA,NA,NA,NA,NA,100,chaparral  ,3.717,-75.467
Venezuela_Colombia,2019-0653-COL,2019,0653,Natural,Hydrological,Flood,NA,NA,NA,Kill,Colombia,COL,South America,Americas,Heavy rains,NA,NA,NA,NA,NA,NA,NA,Km2,NA,NA,NA,NA,2019,12,26,2019,12,26,18,NA,NA,NA,NA,NA,NA,NA,100,tolima ,4.43889,-75.23222
Venezuela_Colombia,2019-0653-COL,2019,0653,Natural,Hydrological,Flood,NA,NA,NA,Kill,Colombia,COL,South America,Americas,Heavy rains,NA,NA,NA,NA,NA,NA,NA,Km2,NA,NA,NA,NA,2019,12,26,2019,12,26,18,NA,NA,NA,NA,NA,NA,NA,100,,4.60971,-74.08175
Venezuela_Colombia,2019-0609-VEN,2019,0609,Natural,Hydrological,Flood,NA,NA,NA,Affected,Venezuela (Bolivarian Republic of),VEN,South America,Americas,Heavy rains,NA,NA,NA,NA,NA,NA,24681,Km2,9.772,-72.228,NA,NA,2019,10,5,2019,10,15,6,NA,2000,NA,2000,NA,NA,NA,100,zulia ,10.66663,-71.61245
Venezuela_Colombia,2020-0071-COL,2020,0071,Natural,Hydrological,Flood,NA,NA,NA,Affected,Colombia,COL,South America,Americas,NA,"Slide (land, mud, snow, rock)",NA,NA,NA,NA,NA,NA,Km2,NA,NA,NA,NA,2020,2,26,2020,2,27,14,7,150,NA,157,NA,NA,NA,NA,piedecuesta  ,6.98789,-73.04953
Venezuela_Colombia,2020-0071-COL,2020,0071,Natural,Hydrological,Flood,NA,NA,NA,Affected,Colombia,COL,South America,Americas,NA,"Slide (land, mud, snow, rock)",NA,NA,NA,NA,NA,NA,Km2,NA,NA,NA,NA,2020,2,26,2020,2,27,14,7,150,NA,157,NA,NA,NA,NA,sant,NA,NA
Venezuela_Colombia,2020-0071-COL,2020,0071,Natural,Hydrological,Flood,NA,NA,NA,Affected,Colombia,COL,South America,Americas,NA,"Slide (land, mud, snow, rock)",NA,NA,NA,NA,NA,NA,Km2,NA,NA,NA,NA,2020,2,26,2020,2,27,14,7,150,NA,157,NA,NA,NA,NA,er ,10.46314,-73.25322
Venezuela_Colombia,2020-0071-COL,2020,0071,Natural,Hydrological,Flood,NA,NA,NA,Affected,Colombia,COL,South America,Americas,NA,"Slide (land, mud, snow, rock)",NA,NA,NA,NA,NA,NA,Km2,NA,NA,NA,NA,2020,2,26,2020,2,27,14,7,150,NA,157,NA,NA,NA,NA,,4.60971,-74.08175
Venezuela_Colombia,2020-0071-COL,2020,0071,Natural,Hydrological,Flood,NA,NA,NA,Affected,Colombia,COL,South America,Americas,NA,"Slide (land, mud, snow, rock)",NA,NA,NA,NA,NA,NA,Km2,NA,NA,NA,NA,2020,2,26,2020,2,27,14,7,150,NA,157,NA,NA,NA,NA, chinchina ,4.9825,-75.60361
Venezuela_Colombia,2020-0071-COL,2020,0071,Natural,Hydrological,Flood,NA,NA,NA,Affected,Colombia,COL,South America,Americas,NA,"Slide (land, mud, snow, rock)",NA,NA,NA,NA,NA,NA,Km2,NA,NA,NA,NA,2020,2,26,2020,2,27,14,7,150,NA,157,NA,NA,NA,NA,caldas ,5.26667,-75.33333
Venezuela_Colombia,2020-0071-COL,2020,0071,Natural,Hydrological,Flood,NA,NA,NA,Affected,Colombia,COL,South America,Americas,NA,"Slide (land, mud, snow, rock)",NA,NA,NA,NA,NA,NA,Km2,NA,NA,NA,NA,2020,2,26,2020,2,27,14,7,150,NA,157,NA,NA,NA,NA,,4.60971,-74.08175
Venezuela_Colombia,2020-0317-COL,2020,0317,Natural,Hydrological,Flood,NA,NA,NA,Kill,Colombia,COL,South America,Americas,Heavy rains,NA,NA,NA,NA,NA,NA,NA,Km2,NA,NA,NA,NA,2020,7,1,2020,7,15,11,NA,30000,NA,30000,NA,NA,NA,NA,antioquia,6.25184,-75.56359
Venezuela_Colombia,2020-0317-COL,2020,0317,Natural,Hydrological,Flood,NA,NA,NA,Kill,Colombia,COL,South America,Americas,Heavy rains,NA,NA,NA,NA,NA,NA,NA,Km2,NA,NA,NA,NA,2020,7,1,2020,7,15,11,NA,30000,NA,30000,NA,NA,NA,NA, meta,3.5,-73
Venezuela_Colombia,2020-0317-COL,2020,0317,Natural,Hydrological,Flood,NA,NA,NA,Kill,Colombia,COL,South America,Americas,Heavy rains,NA,NA,NA,NA,NA,NA,NA,Km2,NA,NA,NA,NA,2020,7,1,2020,7,15,11,NA,30000,NA,30000,NA,NA,NA,NA, putumayo,0.5,-76
Venezuela_Colombia,2020-0317-COL,2020,0317,Natural,Hydrological,Flood,NA,NA,NA,Kill,Colombia,COL,South America,Americas,Heavy rains,NA,NA,NA,NA,NA,NA,NA,Km2,NA,NA,NA,NA,2020,7,1,2020,7,15,11,NA,30000,NA,30000,NA,NA,NA,NA, tolima,4.43889,-75.23222
Venezuela_Colombia,2020-0317-COL,2020,0317,Natural,Hydrological,Flood,NA,NA,NA,Kill,Colombia,COL,South America,Americas,Heavy rains,NA,NA,NA,NA,NA,NA,NA,Km2,NA,NA,NA,NA,2020,7,1,2020,7,15,11,NA,30000,NA,30000,NA,NA,NA,NA, choco,6,-77
Venezuela_Colombia,2020-0317-COL,2020,0317,Natural,Hydrological,Flood,NA,NA,NA,Kill,Colombia,COL,South America,Americas,Heavy rains,NA,NA,NA,NA,NA,NA,NA,Km2,NA,NA,NA,NA,2020,7,1,2020,7,15,11,NA,30000,NA,30000,NA,NA,NA,NA, caldas s,5.31676,-74.87289
